Group,WNT,WNT,SHH,SHH,Group3,Group3,Group4,Group4
Attribute,name,correlation,name,correlation,name,correlation,name,correlation
0,AHCY,0.655384615384615,PBX3,0.694615384615385,SUMO3,0.52,KLHL13,0.770769230769231
1,PRELID2,0.722307692307692,ADAMTS14,0.680769230769231,TRAF3IP2,0.706153846153846,CSRP2,0.833846153846154
2,CDPF1,0.557692307692308,B4GALT5,0.653076923076923,SEMA3C,0.885384615384615,NIPAL3,0.690769230769231
3,EEPD1,0.515384615384615,KLHL4,0.832307692307692,DMD,0.867692307692308,NAB1,0.492307692307692
4,OSBPL3,0.683076923076923,CEND1,0.578461538461538,ISL2,0.671285803222205,CERS1,0.711538461538462
5,PRRX1,0.559230769230769,DMRTA1,0.945384615384615,AP000783.1,0.92,SLC8A3,0.522307692307692
6,DNAJC27,0.507692307692308,C1QL1,0.513076923076923,ZNF433,0.663076923076923,TRIM24,0.555384615384615
7,TRABD2A,0.528461538461539,ELAVL4,0.873846153846154,DIRAS2,0.643846153846154,PAPPA,0.572307692307692
8,DOK5,0.844615384615385,NYAP1,0.773846153846154,RRP9,0.526153846153846,CDK14,0.835384615384615
9,OBSL1,0.668461538461539,PLEKHG4B,0.73,KCNC4,0.725384615384615,PLCL2,0.795384615384615
10,MSX2,0.713846153846154,CATSPERG,0.571538461538462,GLIPR2,0.849230769230769,PXK,0.489230769230769
11,DLG1,0.590769230769231,CRB1,0.684615384615385,ARL6,0.85,CAMTA1,0.762307692307692
12,ADAM12,0.587692307692308,CEBPA,0.573846153846154,FANCF,0.869230769230769,ATP6V0A2,0.729230769230769
13,CACHD1,0.759230769230769,NDUFS4,0.681538461538462,REL,0.650769230769231,FAM21C,0.548461538461538
14,KIRREL3,0.675384615384615,RPL14,0.733846153846154,MAP4,0.503846153846154,MPPED1,0.800769230769231
15,FGFRL1,0.606153846153846,NDST3,0.846153846153846,RIMS2,0.755384615384615,KCTD1,0.713076923076923
16,TSPAN5,0.647692307692308,FAM126A,0.779230769230769,TRAPPC5,0.488461538461538,PTPRN2,0.786923076923077
17,TCIRG1,0.528461538461539,TMEM144,0.747692307692308,N4BP3,0.531538461538462,RP11-508N12.4,0.741538461538461
18,CCDC80,0.565384615384615,CYFIP1,0.748461538461538,RP1,0.844615384615385,TCEAL6,0.756153846153846
19,IFI27,0.537692307692308,ALDH1L2,0.658461538461538,C1orf173,0.828461538461538,HOXC13,0.549934473384021
20,OXSM,0.615384615384615,RFTN2,0.504615384615385,MCM9,0.579230769230769,KCNH8,0.656923076923077
21,FRMD6,0.559230769230769,PABPC1,0.513846153846154,DYX1C1,0.580769230769231,MMD2,0.657692307692308
22,FAM13C,0.676923076923077,METTL9,0.556153846153846,GUCY2D,0.930769230769231,SLC9A6,0.533076923076923
23,APMAP,0.493846153846154,UCHL1,0.526923076923077,WASF1,0.561538461538462,NSFL1C,0.613846153846154
24,SIL1,0.693846153846154,NDUFS5,0.523846153846154,ARR3,0.907901492610911,CEP120,0.528461538461539
25,KLF15,0.563846153846154,ABCB4,0.524615384615385,RXRG,0.766153846153846,DTNA,0.571538461538462
26,PRPH,0.763846153846154,CACNG7,0.816153846153846,PRICKLE2,0.816153846153846,MGAT5,0.812307692307692
27,RGN,0.728461538461538,PIRT,0.681538461538462,C1D,0.582307692307692,TSPAN2,0.767692307692308
28,DDC,0.70782844163753,EDA2R,0.736153846153846,TTLL5,0.725384615384615,RPH3A,0.827692307692308
29,DNMBP,0.519230769230769,TRAK1,0.602307692307692,CASZ1,0.698461538461539,KLHDC10,0.651538461538462
30,SMAD3,0.496923076923077,IGFBP6,0.536153846153846,MAPKAPK5,0.719230769230769,GPR12,0.906923076923077
31,CTNNA1,0.652307692307692,EP400,0.726153846153846,SLC43A2,0.710769230769231,ERC1,0.760769230769231
32,DEFA5,0.544538792347756,CSNK1E,0.534615384615385,PVRL1,0.673076923076923,PCDHB7,0.827692307692308
33,LRRTM1,0.568461538461538,OXSR1,0.531538461538462,NUDT14,0.613076923076923,NRN1,0.670769230769231
34,TNFRSF11B,0.583846153846154,SLC4A8,0.865384615384615,SLC6A9,0.590769230769231,TRMT11,0.683846153846154
35,S100A11,0.501538461538462,RAB26,0.657692307692308,IMPDH1,0.591538461538462,RGS7,0.573076923076923
36,FBN1,0.487692307692308,ITGBL1,0.633076923076923,PSMB5,0.516923076923077,CPEB2,0.643846153846154
37,SDK1,0.786153846153846,POLR1D,0.7,RTN4RL1,0.663846153846154,KCTD8,0.822307692307692
38,C20orf196,0.599230769230769,NLGN1,0.89,AC016559.1,0.736923076923077,PRKACB,0.723846153846154
39,GAREM,0.553076923076923,ZC3H12C,0.523076923076923,VASH1,0.612307692307692,NIM1,0.867692307692308
40,TTC6,0.676923076923077,ABLIM3,0.782307692307692,TRPC7,0.760695053656171,SHB,0.62
41,PDIA2,0.776153846153846,MRPS12,0.53,PROSER2,0.509230769230769,GRIK4,0.87
42,PKP4,0.718461538461538,PPP1R17,0.506923076923077,ANKRD37,0.699230769230769,LONRF2,0.858461538461538
43,FGFR1,0.549230769230769,MZT2A,0.626153846153846,B9D2,0.69,PIP4K2A,0.783846153846154
44,SHC1,0.771538461538462,UBE2QL1,0.813846153846154,MCF2L2,0.74,TMEM30A,0.595384615384615
45,COL23A1,0.623846153846154,ITGA7,0.79,RBM23,0.655384615384615,KCNIP2,0.54
46,DSCR8,0.749291163009122,ISPD,0.773076923076923,GUCA1C,0.687367856034893,KIAA0930,0.63
47,FREM2,0.839230769230769,ITPK1,0.617692307692308,RRP15,0.548461538461538,ARHGEF10L,0.513076923076923
48,HDLBP,0.498461538461538,PRKCZ,0.745384615384615,AFF1,0.733846153846154,RPGRIP1,0.8
49,CHST8,0.504615384615385,NABP1,0.766153846153846,YRDC,0.571538461538462,TENM4,0.880769230769231
50,TYW3,0.759230769230769,SYPL1,0.583076923076923,TRAK2,0.743846153846154,CTD-2116N17.1,0.552307692307692
51,ATF3,0.810769230769231,ZNF395,0.499230769230769,CCIN,0.753076923076923,DLG3,0.71
52,ECEL1,0.696923076923077,CACNG4,0.690769230769231,LRRTM2,0.747692307692308,DLX5,0.520769230769231
53,SLFN11,0.771538461538462,ABCB9,0.717692307692308,USP2,0.874615384615385,STX1B,0.548461538461538
54,CRLS1,0.521538461538462,HIST3H2A,0.75,ATP2B3,0.755914612944428,GNA11,0.683846153846154
55,FRMPD2,0.828461538461538,PLCXD3,0.764615384615385,MRPS6,0.533846153846154,MEIS2,0.902307692307692
56,GSS,0.577692307692308,EXOC3L1,0.687692307692308,ALS2CR12,0.823076923076923,SETMAR,0.576923076923077
57,ZIC5,0.916923076923077,CYP11A1,0.801538461538462,BRIX1,0.486923076923077,SAMD14,0.506923076923077
58,GPC6,0.776923076923077,SH3BGRL3,0.743846153846154,ZADH2,0.657692307692308,TTC3,0.536153846153846
59,XYLT2,0.598461538461538,PLEKHA6,0.759230769230769,EYS,0.921538461538462,LPAR4,0.896923076923077
60,PRICKLE1,0.623846153846154,SDC2,0.783076923076923,ARHGAP44,0.508461538461539,RASAL1,0.795384615384615
61,PCDH8,0.535384615384615,TSPAN12,0.606153846153846,SLC5A8,0.864871311358914,SLC6A3,0.827692307692308
62,ST8SIA3,0.52,GBP1,0.600769230769231,HMGA1,0.646923076923077,SDCCAG8,0.686923076923077
63,MATN4,0.700769230769231,LSM6,0.684615384615385,EPHA8,0.775384615384615,ATXN7L1,0.568461538461538
64,CACNG5,0.646923076923077,CTC-360G5.1,0.833846153846154,COL27A1,0.742307692307692,FAM65B,0.979230769230769
65,PHLDB2,0.629230769230769,FAT1,0.776923076923077,HSPB8,0.738461538461539,NANOS3,0.646153846153846
66,ITGA8,0.709230769230769,KRT17,0.813846153846154,WASF3,0.82,SLC24A4,0.806923076923077
67,SELENBP1,0.652307692307692,CPNE2,0.803846153846154,KCNMA1,0.813076923076923,ERBB4,0.908461538461539
68,ITGA9,0.616923076923077,ITPA,0.492307692307692,GAS7,0.736153846153846,FAM161B,0.683846153846154
69,FBLN1,0.592307692307692,GCNT2,0.866923076923077,SLC17A7,0.593846153846154,PTEN,0.486153846153846
70,STX1A,0.534615384615385,KLF13,0.744615384615385,CLIC6,0.746153846153846,PER2,0.726923076923077
71,GMPR2,0.5,GRIN2A,0.844615384615385,DAB1,0.91,OAS3,0.692307692307692
72,CNTN5,0.66,ROR1,0.745384615384615,C2orf71,0.896153846153846,FBLIM1,0.679230769230769
73,KCNA2,0.843076923076923,PTPRK,0.913076923076923,LRRC34,0.854615384615385,PDE4B,0.838461538461538
74,TMEM151A,0.615384615384615,SIVA1,0.526153846153846,PMEPA1,0.695384615384615,B3GAT1,0.82
75,IRX2,0.726923076923077,TRHDE,0.834615384615385,EML1,0.53,FHDC1,0.818461538461539
76,BCAR3,0.598461538461538,NGEF,0.57,SERTAD3,0.546153846153846,ACVR1,0.865384615384615
77,SYNDIG1,0.764615384615385,NCAPG,0.53,RGS16,0.636923076923077,ABHD17C,0.583076923076923
78,DACT1,0.782307692307692,SPATC1L,0.665384615384615,AZIN1,0.513846153846154,RIC8B,0.532307692307692
79,MYO1B,0.838461538461538,COX4I1,0.642307692307692,DAP3,0.533846153846154,PTGER2,0.862307692307692
80,SERINC5,0.710769230769231,BTBD11,0.862307692307692,DMRTA2,0.779230769230769,RFX3,0.679230769230769
81,SP9,0.738218901903489,IRX1,0.83,PTPRF,0.710769230769231,PPP2R3A,0.794615384615385
82,AP3S2,0.633846153846154,PRLR,0.761538461538462,MBOAT2,0.674615384615385,SYT4,0.662307692307692
83,SH3D19,0.785384615384615,UXS1,0.58,GK5,0.545384615384615,HECA,0.843076923076923
84,FZD10,0.751538461538462,SYT7,0.73,RD3,0.925384615384615,NFIA,0.614615384615385
85,RASSF3,0.591538461538462,MYD88,0.558461538461538,PPTC7,0.762307692307692,MYO6,0.599230769230769
86,ZMAT3,0.55,INPP4B,0.666153846153846,PARP12,0.600769230769231,FEZF1,0.927420040126835
87,ZNF804B,0.676153846153846,RPL21,0.525384615384615,SLITRK3,0.904615384615385,ANKRD30B,0.893076923076923
88,TMEM51,0.770769230769231,GNG3,0.698461538461539,PDC,0.74193378208035,TBC1D12,0.775384615384615
89,GDE1,0.496923076923077,SLC4A11,0.605384615384615,DYRK2,0.747692307692308,PDK2,0.538461538461539
90,CNTN6,0.78,KCNT2,0.832307692307692,LDLRAD4,0.923076923076923,FXYD6-FXYD2,0.801538461538462
91,PLTP,0.652307692307692,ARHGEF26,0.853846153846154,TAC1,0.790769230769231,SBP1,0.659230769230769
92,ST3GAL4,0.64,ATP1B3,0.53,ELL2,0.849230769230769,TANC2,0.690769230769231
93,TRIB2,0.700769230769231,FOXS1,0.613076923076923,RNASEH2B,0.629230769230769,CNTNAP2,0.824615384615385
94,DOCK1,0.57,MYO7B,0.540488565489527,ERI3,0.816923076923077,AKT3,0.786923076923077
95,HAND2,0.777558994998614,PGAM2,0.543076923076923,FGD5,0.486923076923077,ABL1,0.538461538461539
96,NACC2,0.517692307692308,TEX15,0.831538461538462,ABCG4,0.739230769230769,LPHN3,0.756923076923077
97,PRRT3,0.64,CXXC11,0.796533270469759,PYROXD1,0.523076923076923,NOVA1,0.514615384615385
98,LRP8,0.606153846153846,HS3ST5,0.780769230769231,SLC8A1,0.801538461538462,CHST1,0.730769230769231
99,ARHGAP20,0.743846153846154,GRID1,0.676923076923077,POLR3G,0.544615384615385,TAOK2,0.596923076923077
100,PITX1,0.785151005099021,CECR2,0.806153846153846,CAMKV,0.764615384615385,KIAA0232,0.565384615384615
101,ZHX2,0.813846153846154,TMSB15A,0.789230769230769,LRRC61,0.616923076923077,RALGPS1,0.67
102,CRYL1,0.641538461538462,DBF4,0.54,GLCCI1,0.66,LYRM9,0.674615384615385
103,COL12A1,0.706153846153846,RPS27A,0.604615384615385,TARS2,0.679230769230769,ALS2,0.705384615384615
104,WFS1,0.733846153846154,OGN,0.516153846153846,PCK2,0.863846153846154,DAPK1,0.641538461538462
105,EFNA4,0.816923076923077,MAN2A1,0.592307692307692,CABP2,0.515061754175353,ROGDI,0.811538461538462
106,FCGRT,0.580769230769231,MDFI,0.693076923076923,ASAP1,0.512307692307692,SOX4,0.775384615384615
107,TMEM165,0.557692307692308,GINS4,0.690769230769231,GABRA5,0.891538461538462,CTTNBP2,0.911538461538462
108,LDLRAD3,0.803846153846154,BTBD17,0.749230769230769,ZBED6CL,0.513076923076923,ESRRG,0.890769230769231
109,DKK4,0.485445015161448,FHL2,0.721538461538462,FAM135B,0.629230769230769,MSRA,0.656923076923077
110,ACCS,0.670769230769231,PGBD5,0.728461538461538,ATP6V1B2,0.686923076923077,CPNE4,0.876153846153846
111,GAD1,0.68,ARHGAP11B,0.655384615384615,NPR3,0.916923076923077,KLHL36,0.552307692307692
112,SHISA4,0.632307692307692,MICAL1,0.670769230769231,TPRX2P,0.898076192062872,MACF1,0.490769230769231
113,NTM,0.624615384615385,NMNAT2,0.868461538461539,TGFB3,0.880769230769231,LBX1,0.582564848422128
114,NTN5,0.751538461538462,INSM1,0.733846153846154,CHGA,0.699230769230769,HCRTR1,0.620888643914659
115,CPNE9,0.767692307692308,GRIK3,0.566923076923077,FAM180B,0.726153846153846,BTRC,0.598461538461538
116,PLEKHA7,0.548461538461538,PARP9,0.843846153846154,FLAD1,0.596153846153846,SNN,0.816923076923077
117,YIF1B,0.558461538461538,EPB41L4A-AS2,0.790769230769231,PRKD3,0.486923076923077,THAP7,0.563076923076923
118,IFI27L2,0.654615384615385,PAK7,0.61,C21orf90,0.828461538461538,TAOK3,0.680769230769231
119,FUT10,0.490769230769231,ADCY8,0.624615384615385,KCTD6,0.523076923076923,CACNA1C,0.548461538461538
120,ATP8A1,0.863846153846154,ZNF765,0.663846153846154,KRT18,0.491538461538462,CADM4,0.523076923076923
121,MAF,0.643076923076923,TOX3,0.888461538461539,ETV1,0.701538461538462,TCEAL2,0.758461538461539
122,COTL1,0.523846153846154,FAM198A,0.533076923076923,CRY1,0.749230769230769,SLC26A11,0.745384615384615
123,ARHGAP24,0.71,PSME1,0.537692307692308,BACE1,0.515384615384615,DAPK2,0.706923076923077
124,NKX6-1,0.823846153846154,ARID5A,0.565384615384615,AKIRIN1,0.52,CDH1,0.759230769230769
125,SLIT2,0.564615384615385,FAM111B,0.655384615384615,WBP11,0.653076923076923,PARP16,0.571538461538462
126,P4HA1,0.506923076923077,RPL7,0.713076923076923,ACTR1B,0.509230769230769,GPR139,0.860039107515897
127,NXN,0.591538461538462,BARHL2,0.892307692307692,GHR,0.908461538461539,KIAA0319,0.877692307692308
128,BMP2,0.622307692307692,CLDN4,0.692307692307692,TGFBR3,0.82,RPRD1A,0.551538461538462
129,UBE2E2,0.517692307692308,ZNF277,0.553076923076923,MYLIP,0.663076923076923,COMMD3-BMI1,0.630769230769231
130,ZFHX3,0.648461538461539,TGDS,0.756153846153846,BCOR,0.72,BARHL1,0.896153846153846
131,PRUNE2,0.564615384615385,COMMD10,0.54,NAA25,0.554615384615385,C14orf132,0.503076923076923
132,MRPL52,0.542307692307692,GREB1L,0.901538461538462,ART3,0.715384615384615,B3GNT8,0.740769230769231
133,SFMBT2,0.66,PPM1H,0.72,SPR,0.609230769230769,ELAVL2,0.747692307692308
134,PTPRD,0.786153846153846,TNFRSF18,0.692840851949523,RP11-127H5.1,0.930769230769231,DCLK1,0.491538461538462
135,RNF150,0.536923076923077,ADAMTS6,0.584615384615385,MYC,0.826923076923077,TMTC2,0.826153846153846
136,CA10,0.752307692307692,NPM1,0.723076923076923,MOCS2,0.563846153846154,CCNT2,0.486153846153846
137,NECAB1,0.713846153846154,SERINC2,0.841538461538462,TDRP,0.551538461538462,SYNE2,0.673846153846154
138,TGFA,0.856153846153846,TMEM98,0.876923076923077,HEATR5A,0.618461538461539,GNAL,0.874615384615385
139,PKP2,0.638461538461539,DRD2,0.925384615384615,C14orf144,0.611538461538462,TFAP2D,0.870276757054907
140,TMEM45A,0.531538461538462,THEMIS2,0.504615384615385,B3GALNT2,0.620769230769231,CRY2,0.546923076923077
141,MEGF6,0.647692307692308,ANKRD6,0.791538461538462,VDAC1,0.488461538461538,CHL1,0.907692307692308
142,NUDT2,0.549230769230769,NCALD,0.595384615384615,TPD52,0.788461538461539,BRINP1,0.596153846153846
143,FAM131A,0.603076923076923,ANXA1,0.552307692307692,C1orf27,0.563846153846154,C10orf85,0.64
144,NECAB2,0.602307692307692,ESRRB,0.729230769230769,EIF1B,0.609230769230769,ELFN2,0.613076923076923
145,C1orf95,0.727692307692308,ATG10,0.533846153846154,IFT43,0.680769230769231,INPP5F,0.912307692307692
146,PAQR8,0.540769230769231,C11orf70,0.730769230769231,ZNF311,0.773076923076923,OPA1,0.545384615384615
147,SIRPA,0.760769230769231,AC005358.1,0.656923076923077,GTF2F2,0.523076923076923,RAD52,0.568461538461538
148,AC096677.1,0.803846153846154,OMD,0.543076923076923,CACNA1G,0.766153846153846,SYT16,0.496153846153846
149,TM2D1,0.77,NMU,0.732307692307692,CENPW,0.867692307692308,PCDH17,0.815384615384615
150,SLC35D3,0.741296416867131,SRL,0.526153846153846,C7,0.623846153846154,TOX,0.876923076923077
151,ONECUT2,0.575384615384615,ST8SIA1,0.697692307692308,GCLC,0.756923076923077,RHEB,0.836923076923077
152,DSE,0.492307692307692,HIVEP2,0.530769230769231,NKX3-2,0.795384615384615,CACNB3,0.698461538461539
153,TGIF1,0.827692307692308,ZNF43,0.696923076923077,TTYH3,0.532307692307692,CCNH,0.608461538461538
154,ATP8A2,0.727692307692308,GLDC,0.813846153846154,FZD8,0.526153846153846,EBF1,0.78
155,KLHL42,0.686153846153846,RGMB,0.635384615384615,SPATS2L,0.713076923076923,TMEM255A,0.67
156,NGF,0.703846153846154,ZNF93,0.68,FBXO10,0.539230769230769,PITHD1,0.525384615384615
157,CDC42EP3,0.666153846153846,PALM,0.823076923076923,PTPN13,0.512307692307692,RAB12,0.571538461538462
158,SERPIND1,0.57264075467734,HHIP,0.738461538461539,FAM184A,0.638461538461539,RASSF4,0.562307692307692
159,GADD45A,0.856153846153846,TBX15,0.663846153846154,RPP25,0.563076923076923,IL13RA2,0.781538461538462
160,IGSF11,0.705384615384615,POU6F2,0.84,C11orf96,0.706923076923077,CXXC4,0.791538461538462
161,PLAT,0.554615384615385,CPLX1,0.765384615384615,ASUN,0.656923076923077,LRRC4B,0.879230769230769
162,CCDC36,0.673846153846154,FAM43B,0.838461538461538,ENAH,0.64,ANKRD50,0.676153846153846
163,MYADM,0.498461538461538,TSPAN18,0.783076923076923,GRAMD1B,0.898461538461538,BRAP,0.654615384615385
164,NUDT16,0.647692307692308,SOX2,0.821538461538462,LPPR5,0.919230769230769,QSER1,0.578461538461538
165,PTPRN,0.608461538461538,PCBP3,0.819230769230769,NPTX1,0.879230769230769,LRIG2,0.513076923076923
166,CLDN11,0.662307692307692,EGFR,0.808461538461538,LMNB1,0.566923076923077,CA4,0.778461538461538
167,CHRM4,0.747692307692308,RPS5,0.510769230769231,ERLIN1,0.726153846153846,SCRT2,0.545384615384615
168,MYOT,0.765384615384615,FILIP1L,0.6,PSMD14,0.890769230769231,TMTC4,0.685384615384615
169,FZD2,0.694615384615385,SBSPON,0.893076923076923,CTD-3214H19.16,0.714615384615385,TMEM132A,0.616923076923077
170,BACH2,0.622307692307692,UNC5C,0.870769230769231,ZSCAN12,0.577692307692308,RASSF8,0.793846153846154
171,CACNA1D,0.623076923076923,RBMS3,0.784615384615385,MALSU1,0.553076923076923,PDE9A,0.666923076923077
172,NAV3,0.704615384615385,ARHGAP11A,0.636923076923077,SV2C,0.909230769230769,FMN2,0.807692307692308
173,ACSL6,0.724615384615385,KLF6,0.535384615384615,SMYD3,0.54,ST3GAL6,0.82
174,AC069368.3,0.735384615384615,MMS22L,0.645384615384615,LIN28B,0.866051064936904,ST6GAL1,0.844615384615385
175,PLXDC1,0.872307692307692,MYCL,0.947692307692308,PDE6H,0.883404268030891,HIST1H4F,0.927692307692308
176,DSCR4,0.759529250173788,LTB4R,0.536923076923077,EXTL3,0.495384615384615,IFFO2,0.716923076923077
177,SCARA5,0.539772363071322,PCNXL2,0.737692307692308,HKR1,0.519230769230769,NCOA4,0.546923076923077
178,NPFFR1,0.541538461538462,RPS8,0.492307692307692,ELSPBP1,0.845858988234699,TPBG,0.897692307692308
179,PYGL,0.582307692307692,TCF4,0.716153846153846,B3GALTL,0.617692307692308,SCN3B,0.736923076923077
180,SNTG1,0.616923076923077,MYL7,0.648970967957888,KIRREL2,0.536153846153846,MAPK8IP1,0.511538461538461
181,CRYZ,0.74,BNC1,0.713846153846154,C14orf79,0.533076923076923,SEMA3A,0.921538461538462
182,KIAA1199,0.513076923076923,C1orf109,0.513076923076923,WDR31,0.528461538461539,SP2,0.619230769230769
183,MRPL32,0.724615384615385,FARP2,0.505384615384615,TLN2,0.501538461538462,BACH1,0.492307692307692
184,S100A4,0.530769230769231,EMILIN3,0.842307692307692,LNP1,0.555384615384615,IDS,0.523076923076923
185,SVEP1,0.73,KCNK12,0.652307692307692,FAM169A,0.608461538461538,SLC35G1,0.702307692307692
186,TWIST2,0.762167843135043,NELFCD,0.546153846153846,TAP1,0.674615384615385,PRKAR2B,0.733846153846154
187,FSTL4,0.850769230769231,PPP2R2C,0.863846153846154,ALDH4A1,0.757692307692308,SLC9A7,0.596923076923077
188,TAF12,0.493846153846154,MDFIC,0.746153846153846,ACVR2A,0.740769230769231,TWF1,0.594615384615385
189,TMEM2,0.643846153846154,KCNG1,0.665384615384615,ARID3B,0.521538461538462,RADIL,0.729230769230769
190,RNF212,0.635384615384615,TRIM46,0.666923076923077,RAD54L2,0.537692307692308,SULF1,0.618461538461539
191,SHISA2,0.733076923076923,H2AFZ,0.679230769230769,ZNF154,0.71,TMEM117,0.583846153846154
192,ESPNL,0.726923076923077,HSPA12A,0.646923076923077,ZFHX4,0.913076923076923,C3orf70,0.676923076923077
193,STC2,0.621538461538461,AL009178.1,0.735141386939848,LHX9,0.861319500449147,NAA35,0.801538461538462
194,JPH1,0.626923076923077,CHPT1,0.6,SNX25,0.621538461538461,MLLT4,0.564615384615385
195,MRVI1,0.588461538461538,HJURP,0.57,DOCK9,0.700769230769231,GCNT4,0.693846153846154
196,P2RX6,0.501538461538462,METRN,0.656923076923077,NXPH4,0.777692307692308,EN2,0.943846153846154
197,EMID1,0.903076923076923,HDAC4,0.734615384615385,DLEU7,0.690769230769231,KL,0.858461538461538
198,TNC,0.760769230769231,SPNS2,0.823076923076923,CDH8,0.769230769230769,SPATA13,0.656923076923077
199,WNT11,0.720769230769231,BCL2,0.6,LAPTM4B,0.854615384615385,CADPS2,0.816153846153846
200,EFNA5,0.835384615384615,SLC35D2,0.626923076923077,TRIM58,0.934615384615385,RNF144A,0.703076923076923
201,CADM1,0.584615384615385,NOTCH1,0.65,GPR61,0.830769230769231,KBTBD11,0.88
202,ANXA2,0.628461538461538,TWF2,0.724615384615385,MED8,0.607692307692308,C3orf58,0.804615384615385
203,IL17D,0.870769230769231,DOCK10,0.768461538461539,SNRPC,0.485384615384615,FREM3,0.901538461538462
204,OPRD1,0.599230769230769,TCEAL7,0.658461538461538,GABRG2,0.883076923076923,C1orf204,0.723076923076923
205,TBC1D30,0.653846153846154,FLNB,0.653846153846154,CNGB3,0.64822398288231,KIAA1211,0.540769230769231
206,RAB3IL1,0.731538461538462,F3,0.728461538461538,LRRC3DN,0.606923076923077,KIAA1549,0.516923076923077
207,KCTD16,0.668461538461539,STAM,0.568461538461538,ZNF330,0.486923076923077,DLC1,0.733076923076923
208,ADAMTS20,0.732307692307692,TRIM71,0.823076923076923,APBB2,0.539230769230769,PEX5L,0.796153846153846
209,SEL1L3,0.721538461538462,PRKAG2,0.659230769230769,IQSEC1,0.617692307692308,PHYH,0.613076923076923
210,NAV2,0.747692307692308,L3MBTL4,0.873076923076923,MARS,0.712307692307692,APBA1,0.634615384615385
211,BRE,0.502307692307692,ATP2B4,0.733076923076923,CDC40,0.525384615384615,SLC25A51,0.502307692307692
212,MEIS1,0.902307692307692,FUT8,0.785384615384615,GSG1,0.890769230769231,KLHL5,0.628461538461538
213,LZTFL1,0.663076923076923,CALN1,0.84,DENND2C,0.842307692307692,HINT3,0.687692307692308
214,NRCAM,0.849230769230769,TBCB,0.710769230769231,LARGE,0.611538461538462,CDH18,0.890769230769231
215,AKAP12,0.749230769230769,PARP4,0.587692307692308,DLGAP2,0.626923076923077,SYCP1,0.888809713726884
216,SLC12A2,0.658461538461538,KIAA0922,0.706923076923077,GGA2,0.535384615384615,SUDS3,0.665384615384615
217,RIN1,0.675384615384615,FAM84A,0.722307692307692,RIMBP2,0.590769230769231,RAB9B,0.58
218,ZNF503,0.502307692307692,TTBK1,0.711538461538462,IQCK,0.806153846153846,SLC7A14,0.706923076923077
219,CTNNAL1,0.534615384615385,RARB,0.691538461538462,CSRNP3,0.870769230769231,B4GALT6,0.904615384615385
220,SORCS3,0.87,CCND1,0.617692307692308,LACTB2,0.645384615384615,TMEM86A,0.605384615384615
221,HOXD8,0.806774680936778,MID1IP1,0.62,SMARCD3,0.92,CELF4,0.724615384615385
222,EPHA7,0.728461538461538,GDAP1L1,0.512307692307692,SEPHS2,0.533076923076923,CUX2,0.516923076923077
223,C1orf74,0.586923076923077,NEO1,0.532307692307692,CSTF3,0.485384615384615,PAFAH1B1,0.691538461538462
224,CUBN,0.688461538461538,ROBO2,0.867692307692308,ZNF814,0.551538461538462,TRIM45,0.501538461538462
225,PMP22,0.750769230769231,ADK,0.651538461538462,TFB2M,0.601538461538462,PHF17,0.711538461538462
226,SVIL,0.827692307692308,MC5R,0.563392182596414,ARHGAP9,0.891538461538462,FNBP1,0.584615384615385
227,TMEM158,0.488461538461538,COL21A1,0.713846153846154,SLC29A4,0.589230769230769,PLCE1,0.596153846153846
228,MPP1,0.674615384615385,RPS6KA6,0.673846153846154,TDRD9,0.801538461538462,LHX1,0.884615384615385
229,LRRC3B,0.627692307692308,UNC13C,0.634615384615385,SHROOM3,0.696153846153846,MYCBP2,0.693076923076923
230,OSBPL5,0.491538461538462,PBX1,0.762307692307692,RP11-1085N6.3,0.823846153846154,PHTF2,0.650769230769231
231,CTSH,0.513076923076923,IGLON5,0.826923076923077,MAP7,0.858461538461538,L3MBTL3,0.648461538461539
232,EMX2,0.854615384615385,DRAM2,0.657692307692308,GAS2,0.813846153846154,SLC10A4,0.947692307692308
233,FUCA2,0.634615384615385,ASPDH,0.791538461538462,CNTNAP5,0.670769230769231,ASXL3,0.667692307692308
234,RHOU,0.716153846153846,MRPS22,0.516923076923077,PRSS12,0.572307692307692,BEX5,0.800769230769231
235,JAM3,0.558461538461538,HAPLN3,0.724615384615385,ABCB8,0.574615384615385,GTDC1,0.678461538461538
236,SKP2,0.534615384615385,TFDP2,0.733846153846154,DCT,0.907692307692308,GTF3C4,0.712307692307692
237,TMED2,0.555384615384615,LINC00632,0.696153846153846,VRK1,0.779230769230769,RP11-159G9.5,0.589230769230769
238,FGF20,0.608461538461538,FAM198B,0.695384615384615,TULP1,0.766923076923077,PLXNA1,0.509230769230769
239,IFNLR1,0.830769230769231,PHACTR3,0.820769230769231,GNGT1,0.672437019555653,SLIT3,0.64
240,VWA5B2,0.840769230769231,SLC8A2,0.721538461538462,UGCG,0.67,BCAS3,0.528461538461539
241,C9orf9,0.500769230769231,SEC24D,0.564615384615385,ABT1,0.560769230769231,FAM181B,0.674615384615385
242,NYNRIN,0.563846153846154,WNT5A,0.719230769230769,CAV1,0.646923076923077,NOL4,0.682307692307692
243,GPR161,0.763846153846154,KIRREL,0.535384615384615,KCNH1,0.829230769230769,IGSF1,0.594615384615385
244,RAB11FIP2,0.694615384615385,PDRG1,0.677692307692308,TMEM244,0.841416723534254,FRS2,0.527692307692308
245,FNDC3B,0.536923076923077,SPHKAP,0.897692307692308,C5orf30,0.764615384615385,TSHZ1,0.776153846153846
246,COLGALT2,0.824615384615385,HIST1H1D,0.610769230769231,SYTL4,0.883846153846154,SEMA3D,0.503846153846154
247,PDGFC,0.888461538461539,PTCH1,0.545384615384615,ADIPOR2,0.490769230769231,CLIP1,0.705384615384615
248,PLCB1,0.668461538461539,RAB33A,0.525384615384615,BCL11B,0.651538461538462,ISLR2,0.921538461538462
249,PTPRT,0.613846153846154,EPB41L4A,0.805384615384615,VPS13A,0.671538461538462,SH3PXD2A,0.781538461538462
250,NPS,0.693664745324878,MAP3K1,0.768461538461539,CMSS1,0.606923076923077,KIAA2022,0.757692307692308
251,CYBA,0.547692307692308,DIAPH2,0.653076923076923,FAM89A,0.891538461538462,PGS1,0.505384615384615
252,CREB5,0.506153846153846,NTNG2,0.709230769230769,DENND1B,0.881538461538462,ADCY1,0.811538461538462
253,GRB10,0.630769230769231,UTP14A,0.609230769230769,TMEM233,0.763076923076923,PRDM2,0.556153846153846
254,LRP4,0.711538461538462,CTC-786C10.1,0.594615384615385,XK,0.788461538461539,SPPL3,0.636153846153846
255,EMC1,0.758461538461539,QSOX1,0.644615384615385,KANSL2,0.735384615384615,EPHB1,0.802307692307692
256,INADL,0.762307692307692,SIK1,0.775384615384615,PHYHIPL,0.719230769230769,MCC,0.876153846153846
257,LRRC10B,0.636153846153846,SLC36A1,0.612307692307692,TMEM183A,0.510769230769231,FGF9,0.786923076923077
258,RNF112,0.863076923076923,OPRM1,0.707692307692308,RGS6,0.841538461538462,BRI3BP,0.805384615384615
259,LGI4,0.738461538461539,CNR1,0.748461538461538,DENND1A,0.856923076923077,C1orf115,0.743846153846154
260,DDR2,0.685384615384615,FBXL16,0.695384615384615,TCF7L2,0.816923076923077,EOMES,0.893846153846154
261,SEC61B,0.709230769230769,ESR2,0.643846153846154,PTPRU,0.737692307692308,PTCHD2,0.816153846153846
262,AUTS2,0.641538461538462,DAAM1,0.755384615384615,ZBTB9,0.625384615384615,NPR2,0.74
263,RTTN,0.703846153846154,SLC44A3,0.7,FGFBP2,0.72,RALBP1,0.523846153846154
264,LGI2,0.530769230769231,MPEG1,0.612307692307692,OSBPL6,0.774615384615385,TP53BP2,0.886923076923077
265,C5orf15,0.498461538461538,SLC45A1,0.76,RD3L,0.873472079659911,ASAP2,0.602307692307692
266,SGCD,0.610769230769231,LRP5L,0.714615384615385,MOK,0.586153846153846,RPRD2,0.578461538461538
267,SNPH,0.619230769230769,PRKD1,0.805384615384615,EFHC1,0.626153846153846,PNMA1,0.67282544955987
268,TMED3,0.606923076923077,AASS,0.640769230769231,DNAJB2,0.67,APAF1,0.502307692307692
269,VIM,0.671538461538462,TCEB2,0.757692307692308,CNGB1,0.823076923076923,TP53INP2,0.607692307692308
270,CD58,0.493076923076923,TTLL1,0.683846153846154,ERI1,0.783846153846154,PRX,0.821538461538462
271,KRT83,0.750603148706849,RPL4,0.796923076923077,PYY,0.753221787351241,CELF5,0.86
272,IQCA1,0.856153846153846,PAX6,0.886923076923077,RNF2,0.522307692307692,ABL2,0.619230769230769
273,RGL1,0.758461538461539,SLC6A15,0.824615384615385,LRRC2,0.726923076923077,SLFN5,0.53
274,GLT8D2,0.485384615384615,KCNJ6,0.870769230769231,ANO2,0.933846153846154,GPR27,0.506153846153846
275,IL1RAPL1,0.628461538461538,PLXND1,0.564615384615385,INPP5K,0.516153846153846,TAL1,0.745384615384615
276,ZIC2,0.936923076923077,ADAMTS12,0.8,PTP4A3,0.492307692307692,GPSM1,0.541538461538462
277,MKX,0.594615384615385,ATOH1,0.517576438347447,JMY,0.849230769230769,MYO10,0.713076923076923
278,KCNIP1,0.700769230769231,DCC,0.835384615384615,TMEM38A,0.585384615384615,H2AFV,0.596923076923077
279,PTGS1,0.675384615384615,HIST3H2BB,0.628461538461538,ZNF736,0.720769230769231,CDH23,0.901538461538462
280,PTN,0.624615384615385,TLR9,0.7,DST,0.503076923076923,TMEM130,0.525384615384615
281,LDLRAP1,0.692307692307692,CXorf57,0.835384615384615,TMSB10,0.533846153846154,GRIA2,0.726153846153846
282,TMEM132C,0.850769230769231,PVRL3,0.646153846153846,PLSCR2,0.610043157119234,DIRC2,0.702307692307692
283,DLX3,0.716153846153846,ZEB1,0.602307692307692,PROKR2,0.916089570911036,ANKFY1,0.495384615384615
284,TENM2,0.706153846153846,CMIP,0.755384615384615,RALGPS2,0.853076923076923,AIF1L,0.856923076923077
285,NENF,0.7,MGP,0.781538461538462,TEAD3,0.600769230769231,KIAA1239,0.938461538461539
286,CCDC88C,0.541538461538462,MYO16,0.852307692307692,LRAT,0.757692307692308,KALRN,0.726153846153846
287,TMEM206,0.626923076923077,EBPL,0.593846153846154,IRX6,0.624326589923404,PPP1R1A,0.91
288,EPDR1,0.747692307692308,PRIMA1,0.707692307692308,AC026703.1,0.889230769230769,OSBPL11,0.498461538461538
289,ALCAM,0.666153846153846,PUS1,0.508461538461539,ALKBH3,0.563846153846154,KRT222,0.646651461819555
290,THSD7A,0.526923076923077,RPL22L1,0.668461538461539,C5orf22,0.559230769230769,TMEM155,0.726923076923077
291,SUSD1,0.648461538461539,TMEM229B,0.797692307692308,ASS1,0.702307692307692,HRASLS,0.726153846153846
292,TSPAN3,0.573846153846154,XRN2,0.538461538461539,SORBS2,0.848461538461538,SLFN13,0.558461538461538
293,LAMB1,0.531538461538462,COL15A1,0.6,DTD2,0.777692307692308,MSI1,0.55
294,SLC25A21-AS1,0.692307692307692,AFF3,0.843076923076923,USP49,0.652307692307692,AGTR1,0.878461538461539
295,EPHA3,0.558461538461538,CHSY1,0.651538461538462,ZNF703,0.902307692307692,RDH10,0.616153846153846
296,TRAM2,0.610769230769231,EHD1,0.489230769230769,CEACAM21,0.843076923076923,TRIM9,0.636153846153846
297,PACSIN3,0.627692307692308,DCN,0.499230769230769,MARCH1,0.833076923076923,CCDC120,0.629230769230769
298,GNG11,0.636153846153846,DGKQ,0.748461538461538,LPGAT1,0.700769230769231,KIF1A,0.758461538461539
299,PCSK9,0.489230769230769,GMPS,0.711538461538462,HLX,0.853846153846154,ANKRD12,0.573846153846154
300,ZNRF2,0.739230769230769,COL25A1,0.73,IGF2BP1,0.701350049470228,NFIB,0.8
301,CALD1,0.599230769230769,CPM,0.528461538461539,USH2A,0.850769230769231,SORBS1,0.748461538461538
302,GCDH,0.535384615384615,MS4A4A,0.502307692307692,GNB5,0.570769230769231,MSRB2,0.713846153846154
303,KCNH5,0.613076923076923,CRIP2,0.697692307692308,CABP5,0.840290348180773,C1orf61,0.624615384615385
304,HUNK,0.883076923076923,PGM1,0.564615384615385,CLIP4,0.772307692307692,TEX14,0.542307692307692
305,NIPSNAP3A,0.539230769230769,THG1L,0.496923076923077,TMEM132D,0.642307692307692,TMEM163,0.88
306,GALNT15,0.726153846153846,CPQ,0.647692307692308,NUP205,0.668461538461539,RAPGEF1,0.548461538461538
307,HOXC4,0.8,DPF3,0.523076923076923,PPP3R1,0.516153846153846,PCDHB8,0.795384615384615
308,NTPCR,0.702307692307692,FAM213B,0.719230769230769,TSHZ3,0.896153846153846,UNC5D,0.938461538461539
309,PKDCC,0.749230769230769,RAB20,0.624615384615385,RASGEF1B,0.870769230769231,NCOA7,0.671538461538462
310,TF,0.653076923076923,RP11-680G10.1,0.63,RASGRF2,0.786923076923077,SH2B2,0.74
311,ZDHHC2,0.726153846153846,POU3F3,0.908461538461539,MC4R,0.70782844163753,AC012215.1,0.938461538461539
312,AMPD3,0.589230769230769,MIPEP,0.587692307692308,ARHGAP28,0.784615384615385,PRKX,0.715384615384615
313,MINOS1-NBL1,0.810769230769231,HELB,0.523846153846154,GABARAPL1,0.883076923076923,CCND2,0.564615384615385
314,HIBADH,0.506153846153846,SCPEP1,0.569230769230769,FAM149A,0.694615384615385,NALCN,0.843846153846154
315,SPRY2,0.594615384615385,DUSP11,0.601538461538462,SLC15A4,0.636923076923077,TRAF3,0.673076923076923
316,TPM1,0.830769230769231,KCNA3,0.753846153846154,OMA1,0.577692307692308,IPCEF1,0.841538461538462
317,ALG2,0.651538461538462,ING5,0.495384615384615,FAM19A4,0.909230769230769,SPTAN1,0.638461538461539
318,C11orf87,0.616923076923077,DERA,0.544615384615385,PNO1,0.505384615384615,PPM1L,0.736923076923077
319,HSD17B14,0.826923076923077,HS6ST1,0.813076923076923,RASEF,0.55,CLIP3,0.673076923076923
320,PLEKHH2,0.643076923076923,MST4,0.541538461538462,AGBL1,0.840769230769231,STOX2,0.886153846153846
321,ARHGAP32,0.586153846153846,SLC41A2,0.643076923076923,CACNA2D4,0.623076923076923,BLCAP,0.69
322,PEX11A,0.526923076923077,OPHN1,0.720769230769231,CDK7,0.550769230769231,SIX6,0.955350552521509
323,GPR19,0.523076923076923,RASSF9,0.673846153846154,VSTM2L,0.744615384615385,PNMAL2,0.860769230769231
324,SCUBE1,0.636153846153846,RPS6KA2,0.745384615384615,TBX3,0.890769230769231,MB21D2,0.623076923076923
325,EPHA4,0.843846153846154,C12orf29,0.517692307692308,SDK2,0.553846153846154,ABCC9,0.779230769230769
326,KREMEN1,0.711538461538462,KRT31,0.681874560837712,CCT5,0.489230769230769,ARHGEF12,0.771538461538462
327,COL8A2,0.506923076923077,BCL6,0.535384615384615,PITPNA,0.496153846153846,LONRF1,0.799230769230769
328,EFHD2,0.534615384615385,PDPN,0.898461538461538,UBE2F,0.525384615384615,KCNJ11,0.758461538461539
329,HOXD9,0.631185837573576,BCL11A,0.828461538461538,HIP1,0.753076923076923,RP11-247C2.2,0.906153846153846
330,HTRA3,0.663076923076923,LPP,0.586923076923077,PAPPA2,0.941538461538462,CMPK2,0.827692307692308
331,TSPAN9,0.661538461538462,MTERFD1,0.752307692307692,PLA2G4C,0.896153846153846,CRTC3,0.689230769230769
332,FGFR2,0.663076923076923,TFAP4,0.591538461538462,DGKI,0.775384615384615,MKLN1,0.651538461538462
333,RTKN,0.909230769230769,MIIP,0.54,UCHL3,0.640769230769231,FAM222A,0.860769230769231
334,CA11,0.793076923076923,PSRC1,0.504615384615385,RCOR1,0.634615384615385,BTN2A2,0.741538461538461
335,TVP23B,0.589230769230769,RPA4,0.650125036069253,IK,0.516923076923077,SYNJ2,0.81
336,FAM211A,0.626923076923077,PDE7A,0.629230769230769,AKNA,0.720769230769231,MAP3K2,0.500769230769231
337,CAPN2,0.593076923076923,SSBP2,0.531538461538462,NSG2,0.812307692307692,BHLHE22,0.573076923076923
338,RNF43,0.803076923076923,ATP2A3,0.644615384615385,CNNM4,0.558461538461538,NNAT,0.700769230769231
339,S100A16,0.597692307692308,MBNL1,0.810769230769231,PPP2R2B,0.923846153846154,AMER2,0.634615384615385
340,TMEM215,0.660126959701088,RPL19,0.537692307692308,PROM1,0.669230769230769,BBS2,0.611538461538462
341,THSD1,0.56,SRI,0.578461538461538,NUPL2,0.59,CCDC97,0.512307692307692
342,RASL11B,0.906923076923077,SHANK2,0.818461538461539,MPP4,0.759230769230769,ATXN1,0.577692307692308
343,PALD1,0.718461538461538,RND3,0.677692307692308,DDX55,0.713846153846154,LMX1A,0.915384615384615
344,NCMAP,0.789382588174028,AC011897.1,0.743846153846154,LMO1,0.779230769230769,MAPK14,0.602307692307692
345,PIGU,0.570769230769231,SMOC2,0.673846153846154,PTDSS1,0.635384615384615,TMUB2,0.573076923076923
346,SLC7A11,0.563846153846154,ZNF516,0.866153846153846,TRIM36,0.875384615384615,EPHA6,0.57
347,SLC7A8,0.566153846153846,COL5A2,0.644615384615385,CMTR1,0.556923076923077,PRPSAP1,0.511538461538461
348,SOCS6,0.64,METTL1,0.489230769230769,CPPED1,0.575384615384615,IGF1R,0.499230769230769
349,STON2,0.824615384615385,SH2D3C,0.64,CRX,0.903846153846154,LOH12CR2,0.54
350,PVR,0.613076923076923,TTC9B,0.619230769230769,PFKL,0.600769230769231,FBXO28,0.795384615384615
351,GALNT7,0.790769230769231,LNX2,0.488461538461538,MACROD2,0.795384615384615,KCNA1,0.899230769230769
352,GOLGA7B,0.703846153846154,SRGAP1,0.836153846153846,PRKG2,0.792307692307692,SYT13,0.669230769230769
353,SGSM1,0.543846153846154,ECM2,0.501538461538462,MAP3K4,0.653076923076923,SPOCK2,0.501538461538462
354,PRSS56,0.542684570207996,MCM2,0.555384615384615,ARHGAP18,0.65,TMEM240,0.575384615384615
355,GCNT1,0.518461538461538,MET,0.62,XPO4,0.563846153846154,GRM8,0.753076923076923
356,ETFB,0.820769230769231,NTAN1,0.527692307692308,WDR62,0.542307692307692,SHISA9,0.588461538461538
357,EGFLAM,0.734615384615385,BOK,0.856153846153846,FRY,0.742307692307692,BEGAIN,0.716923076923077
358,HS3ST3B1,0.807692307692308,LPHN2,0.773846153846154,FAM183A,0.706153846153846,CITED2,0.55
359,RAVER2,0.715384615384615,SYNGR3,0.640769230769231,RIOK2,0.578461538461538,AP5M1,0.726923076923077
360,BMP4,0.605384615384615,MED10,0.506923076923077,TRIB1,0.516153846153846,RUNDC3B,0.833076923076923
361,LPIN1,0.63,ABTB2,0.774615384615385,C1GALT1,0.576923076923077,ST18,0.826153846153846
362,NLRP11,0.728461538461538,SPC25,0.598461538461538,BNC2,0.888461538461539,CCDC171,0.498461538461538
363,KCNG4,0.710180874914072,HRK,0.664615384615385,EGLN3,0.85,HIST1H2BE,0.585384615384615
364,GPR124,0.554615384615385,NDP,0.829230769230769,PCSK2,0.81,CSPG5,0.791538461538462
365,PSAT1,0.487692307692308,NUAK2,0.806923076923077,FBXW9,0.547692307692308,CADPS,0.706923076923077
366,ASCL5,0.727692307692308,GAB1,0.520769230769231,ZNF397,0.602307692307692,GLTPD1,0.575384615384615
367,IRX5,0.696923076923077,CLMP,0.786923076923077,UBE2H,0.513076923076923,KCNN1,0.892307692307692
368,ARHGAP22,0.493846153846154,PAWR,0.754615384615385,KCNQ3,0.659230769230769,AL117190.2,0.523556025983343
369,DNAH2,0.788461538461539,CALCB,0.640769230769231,PDZD2,0.524615384615385,LRRC38,0.870769230769231
370,SV2A,0.833076923076923,SNAPC1,0.684615384615385,PDHB,0.514615384615385,FLJ30594,0.683076923076923
371,MBP,0.549230769230769,CA14,0.743076923076923,SSX2IP,0.800769230769231,MAGI2,0.731538461538462
372,GPR98,0.840769230769231,SULT1C4,0.753846153846154,PARD6B,0.886923076923077,PRKRIP1,0.638461538461539
373,RSPO1,0.543284497003513,IL17RD,0.799230769230769,LCORL,0.613076923076923,TET1,0.63
374,STC1,0.601538461538462,PRDM13,0.675916476247682,CRHBP,0.519230769230769,NDN,0.576923076923077
375,MARCH11,0.542307692307692,PROX1,0.706153846153846,SMAD9,0.793076923076923,CNPY1,0.945384615384615
376,PRKCA,0.737692307692308,NOX4,0.751538461538462,MTFR1,0.633076923076923,TMEM178B,0.763076923076923
377,RAB11FIP4,0.744615384615385,HIVEP3,0.584615384615385,FKBP5,0.563846153846154,EPHA5,0.843846153846154
378,LRRC53,0.727447599530744,FRYL,0.559230769230769,NISCH,0.646153846153846,AMOT,0.497692307692308
379,INSIG2,0.626153846153846,SPATA2L,0.508461538461539,ATP7B,0.576153846153846,EXPH5,0.892307692307692
380,C19orf81,0.533076923076923,SOX13,0.519230769230769,SST,0.601548885311245,MAGI3,0.660769230769231
381,AMHR2,0.625963974713977,LRRC18,0.626976115652781,STAU2,0.643076923076923,CDYL2,0.842307692307692
382,LRRN1,0.611538461538462,DTWD1,0.532307692307692,SSBP3,0.674615384615385,GSG1L,0.921538461538462
383,CCDC3,0.613846153846154,SEPTIN11,0.652307692307692,FSTL5,0.942307692307692,GNAZ,0.709230769230769
384,SYT9,0.673076923076923,PDE10A,0.918461538461539,PIGH,0.605384615384615,DTX4,0.499230769230769
385,NTRK1,0.594615384615385,ING1,0.673076923076923,C14orf23,0.896438781584557,DPP6,0.62
386,TMEM9,0.540769230769231,TEX9,0.633846153846154,COX7C,0.526153846153846,LPPR3,0.866923076923077
387,SOX7,0.647692307692308,ROBO1,0.876923076923077,ZNF77,0.488461538461538,PDS5B,0.86
388,CLU,0.682307692307692,MYOCD,0.639230769230769,RPRM,0.85,DNM3,0.555384615384615
389,GPX8,0.567692307692308,FMNL3,0.486153846153846,FBXL17,0.740769230769231,ASTN2,0.912307692307692
390,EHD3,0.606153846153846,PLD2,0.616923076923077,XKR9,0.647692307692308,FOXP2,0.880769230769231
391,MID1,0.705384615384615,FAHD2B,0.575384615384615,HTR1A,0.854615384615385,DIRAS3,0.839230769230769
392,E2F7,0.646923076923077,PDLIM3,0.806153846153846,SPAG6,0.696153846153846,LMBRD2,0.542307692307692
393,FGF18,0.706153846153846,SPOPL,0.523076923076923,ETS2,0.506923076923077,DEF8,0.536923076923077
394,NFYB,0.496923076923077,KRT19,0.537692307692308,CAMK2D,0.680769230769231,SYNPR,0.667692307692308
395,TST,0.702307692307692,C7orf31,0.509230769230769,HCN2,0.883076923076923,ANKS1B,0.596923076923077
396,SWI5,0.626923076923077,MAPKAPK2,0.691538461538462,CBLB,0.804615384615385,TMEM132B,0.835384615384615
397,LRRC16B,0.77,SPSB4,0.633846153846154,C7orf73,0.713846153846154,ENHO,0.641538461538462
398,ATOH8,0.603076923076923,SFRP1,0.756923076923077,IQGAP2,0.519230769230769,DLGAP1,0.917692307692308
399,FUT5,0.526153846153846,EIF2A,0.543076923076923,NANS,0.562307692307692,NUDT4,0.888461538461539
400,PERP,0.574615384615385,MTMR7,0.786923076923077,BCMO1,0.793846153846154,ELOVL5,0.626923076923077
401,AVEN,0.496153846153846,EEF1B2,0.57,CCPG1,0.646923076923077,SDSL,0.715384615384615
402,FBXO17,0.683846153846154,GPRC5C,0.766923076923077,WSCD1,0.791538461538462,SLC31A1,0.652307692307692
403,KAZN,0.742307692307692,SMYD2,0.543076923076923,MTRR,0.732307692307692,DSCAML1,0.593846153846154
404,MYO5B,0.673846153846154,LHFPL2,0.739230769230769,TFB1M,0.588461538461538,CYTH3,0.486153846153846
405,ASTN1,0.547692307692308,CAV2,0.600769230769231,FZD1,0.913846153846154,C14orf37,0.543076923076923
406,PRMT3,0.594615384615385,AL354993.1,0.865384615384615,PGK1,0.523076923076923,KHDRBS2,0.806153846153846
407,STIM2,0.681538461538462,ARAP3,0.766153846153846,FRMPD1,0.877692307692308,C4orf21,0.530769230769231
408,COLEC12,0.612307692307692,ZNF85,0.610769230769231,ATP2C1,0.57,PITPNM3,0.758461538461539
409,VGLL4,0.563846153846154,NGFR,0.529230769230769,SBK2,0.884615384615385,DYNC1I1,0.683846153846154
410,GABRD,0.652307692307692,CRISPLD2,0.686923076923077,OR2W3,0.941334889503824,ENOX1,0.755384615384615
411,MDP1,0.572307692307692,BVES,0.572307692307692,NUP93,0.768461538461539,ENC1,0.931538461538462
412,TGFBI,0.558461538461538,FHL1,0.604615384615385,YIPF5,0.715384615384615,GNG2,0.573076923076923
413,ADAMTS1,0.708461538461538,FAM155A,0.518461538461538,MAB21L2,0.881538461538462,PDE7B,0.800769230769231
414,PRKG1,0.526923076923077,FGGY,0.595384615384615,TNFRSF11A,0.52,PIK3C3,0.529230769230769
415,TH,0.815242735793939,HAS3,0.866153846153846,PRPH2,0.856153846153846,KRAS,0.763846153846154
416,HOXD10,0.73192040016525,MPST,0.753076923076923,SLITRK1,0.818461538461539,CRMP1,0.545384615384615
417,TMEM74B,0.501538461538462,VSTM4,0.692307692307692,FBXL13,0.590769230769231,APC,0.670769230769231
418,CRABP2,0.768461538461539,KRBOX1,0.523076923076923,PALMD,0.860769230769231,NMNAT3,0.903076923076923
419,BAMBI,0.640769230769231,TMEM121,0.684615384615385,SLC13A4,0.647692307692308,CELSR2,0.574615384615385
420,PCCA,0.795384615384615,BTBD3,0.615384615384615,GLB1L2,0.623076923076923,SMG8,0.493846153846154
421,PLA2G16,0.716153846153846,RPIA,0.67,C7orf33,0.815507591368068,IGSF21,0.872307692307692
422,MAGEC3,0.683846153846154,ADAM23,0.896923076923077,FEZ2,0.532307692307692,KCTD10,0.746923076923077
423,RP11-834C11.12,0.808776002766186,KHDRBS3,0.732307692307692,EIF2B3,0.773076923076923,ELMO1,0.495384615384615
424,S100A13,0.580769230769231,FAM155B,0.673076923076923,LRRC3,0.705384615384615,GSPT2,0.72
425,MEGF11,0.668461538461539,ZNF621,0.606153846153846,IMPG2,0.941538461538462,KIAA1468,0.556153846153846
426,C8orf56,0.53,APIP,0.616923076923077,POTEF,0.54,EEFSEC,0.533846153846154
427,RAMP3,0.494615384615385,ACTR3B,0.696153846153846,ARNTL,0.805384615384615,NFE2L3,0.683076923076923
428,AC024592.12,0.538461538461539,GLI2,0.790769230769231,LRGUK,0.592307692307692,RBM24,0.916923076923077
429,MFAP4,0.523846153846154,DNTT,0.66441577950734,TRIP10,0.703076923076923,DACH1,0.723846153846154
430,DAD1,0.516153846153846,DZIP1,0.58,NOS1AP,0.759230769230769,NPRL2,0.565384615384615
431,MFHAS1,0.741538461538461,KIF26A,0.764615384615385,SAMD3,0.861538461538462,RGAG4,0.633076923076923
432,ZNRF3,0.781538461538462,SEMA6A,0.894615384615385,HMGN5,0.787692307692308,KCNH7,0.713076923076923
433,ERO1LB,0.688461538461538,MND1,0.593846153846154,ST5,0.650769230769231,CMC1,0.738461538461539
434,ARHGAP5,0.683846153846154,GRHPR,0.673846153846154,SLC35F3,0.665384615384615,TMEM35,0.871538461538462
435,FBXO4,0.650769230769231,PTX3,0.906153846153846,FAM114A2,0.573076923076923,NSG1,0.562307692307692
436,PCGF5,0.583076923076923,RP11-830F9.6,0.562307692307692,IGF2BP3,0.888461538461539,NPY1R,0.721538461538462
437,CYB561,0.522307692307692,IL17RB,0.825384615384615,PCOLCE2,0.863076923076923,PURB,0.535384615384615
438,PRMT8,0.893076923076923,BBX,0.501538461538462,MBLAC2,0.558461538461538,AACS,0.74
439,MAPK4,0.691538461538462,FREM1,0.551538461538462,FGFBP3,0.857692307692308,ABRACL,0.764615384615385
440,ANXA6,0.744615384615385,HMGCLL1,0.603076923076923,REEP1,0.777692307692308,GOLGA8B,0.612307692307692
441,FBXO32,0.515384615384615,IFITM10,0.845384615384615,NANOS1,0.721538461538462,SNRK,0.683076923076923
442,LRRC55,0.876923076923077,NPTX2,0.565384615384615,STRADB,0.822307692307692,BTBD9,0.616153846153846
443,PTPN14,0.625384615384615,LGALS3,0.627692307692308,TACR3,0.667692307692308,SAP130,0.58
444,TAF1D,0.576923076923077,SHROOM2,0.845384615384615,APCDD1L,0.561538461538462,SGK223,0.671538461538462
445,ZMAT4,0.909230769230769,TPBGL,0.823076923076923,NLN,0.706153846153846,TNIK,0.723076923076923
446,C18orf42,0.877692307692308,TSHZ2,0.853846153846154,GALP,0.540666729899772,EFNB1,0.783846153846154
447,FOXD1,0.67,GLI1,0.864615384615385,MRPS18A,0.518461538461538,RHBDL3,0.857692307692308
448,SEMA6D,0.637692307692308,C6orf123,0.726923076923077,MSH3,0.647692307692308,SNX10,0.514615384615385
449,TBX2,0.652307692307692,FGF5,0.717692307692308,ZNF491,0.684615384615385,C2orf69,0.558461538461538
450,VWDE,0.845384615384615,ZNF829,0.507692307692308,INHBB,0.868461538461539,NBEA,0.769230769230769
451,YAP1,0.711538461538462,MANEA,0.585384615384615,CCDC177,0.689230769230769,PGAP1,0.772307692307692
452,PLEKHO2,0.776153846153846,TCF12,0.627692307692308,JAZF1,0.660769230769231,NCKAP1,0.556923076923077
453,SIX5,0.736153846153846,MZT2B,0.604615384615385,RP11-187E13.1,0.587692307692308,SH3GL3,0.787692307692308
454,ADAM11,0.725384615384615,SPHK1,0.633076923076923,ZNF649,0.646153846153846,MAML3,0.667692307692308
455,PDGFRA,0.826923076923077,PCNT,0.526153846153846,ERMAP,0.610769230769231,CPEB4,0.742307692307692
456,SLC39A8,0.782307692307692,STK25,0.608461538461538,LRP2,0.57,AFF2,0.795384615384615
457,ENPP6,0.574615384615385,GNB2,0.498461538461538,NEFM,0.840769230769231,POU2F1,0.65
458,ATG13,0.493076923076923,LGR4,0.582307692307692,FCER2,0.916923076923077,FER,0.500769230769231
459,COL13A1,0.720769230769231,PPFIBP1,0.500769230769231,ACADS,0.55,MEIS3,0.799230769230769
460,DNASE2,0.66,SATB2,0.93,PSMA6,0.57,ATP9A,0.528461538461539
461,SMIM19,0.646153846153846,PDE1A,0.76,PRKAA2,0.492307692307692,METTL2B,0.590769230769231
462,RORA,0.786153846153846,PREX1,0.63,SLC35B4,0.638461538461539,CEP170,0.627692307692308
463,SLC6A1,0.547692307692308,RAB22A,0.577692307692308,BSPH1,0.819913827706012,PDE1C,0.818461538461539
464,FAM196A,0.660769230769231,CCNI,0.608461538461538,HAX1,0.583076923076923,PHACTR1,0.682307692307692
465,CDKL1,0.780769230769231,ST8SIA5,0.770769230769231,KIAA1107,0.756153846153846,SNX16,0.733076923076923
466,ACE,0.737692307692308,LRRK1,0.496153846153846,EYA2,0.934615384615385,TNRC6C,0.502307692307692
467,SCARF2,0.531538461538462,PPARGC1B,0.692307692307692,WWC1,0.626923076923077,CLK3,0.566923076923077
468,FAM172A,0.556153846153846,TLX3,0.675330123146206,LPPR1,0.768461538461539,GRIN3A,0.816153846153846
469,RNF183,0.682852905308376,LAMC1,0.6,DISC1,0.800769230769231,TOR3A,0.606153846153846
470,VLDLR,0.684615384615385,NLGN4X,0.882307692307692,ANKRD33B,0.822307692307692,RALYL,0.919230769230769
471,XXYLT1,0.576153846153846,PDE3A,0.816153846153846,CD70,0.743482704381144,RFXAP,0.520769230769231
472,EDA,0.764615384615385,TGFB2,0.662307692307692,NDUFAF2,0.646153846153846,CHRM3,0.88
473,FAT3,0.610769230769231,KCNJ4,0.807692307692308,SH3RF1,0.746153846153846,DDX23,0.585384615384615
474,C9orf3,0.600769230769231,TMEM18,0.631538461538462,CDKAL1,0.863846153846154,TMEM132E,0.701538461538462
475,CAST,0.513076923076923,ERF,0.490769230769231,ARL4D,0.790769230769231,CHRD,0.605384615384615
476,SIPA1L2,0.677692307692308,GCK,0.742307692307692,RP11-176H8.1,0.686923076923077,EIF4E,0.720769230769231
477,ILVBL,0.741538461538461,DCDC1,0.891538461538462,LRRC39,0.668461538461539,C7orf13,0.665384615384615
478,GALNT18,0.603846153846154,SLC16A9,0.57,BTC,0.857692307692308,PHACTR2,0.686153846153846
479,TPO,0.70376961554351,RAB36,0.797692307692308,C1QTNF4,0.689230769230769,C12orf49,0.503846153846154
480,PCDH1,0.655384615384615,A4GALT,0.676153846153846,RP11-565P22.6,0.730769230769231,CTD-2162K18.4,0.783846153846154
481,MEST,0.53,TBX18,0.726923076923077,,,DCBLD2,0.793076923076923
482,GGACT,0.899230769230769,UBASH3B,0.818461538461539,,,HECTD4,0.566923076923077
483,HS3ST1,0.883846153846154,IL27RA,0.573076923076923,,,MARK4,0.536153846153846
484,ZCCHC24,0.573076923076923,RASGEF1C,0.767692307692308,,,FIBCD1,0.689230769230769
485,OLFM1,0.663846153846154,IRAK3,0.615384615384615,,,LHX2,0.915384615384615
486,ALK,0.781538461538462,CSMD1,0.793076923076923,,,KCNIP4,0.577692307692308
487,TNFRSF19,0.854615384615385,YBEY,0.581538461538462,,,DOCK3,0.495384615384615
488,GAP43,0.886923076923077,PALLD,0.605384615384615,,,CHGB,0.584615384615385
489,DERL1,0.532307692307692,MMP17,0.833076923076923,,,UNCX,0.598461538461538
490,CAMK2G,0.543846153846154,GLTSCR2,0.566923076923077,,,KIAA1598,0.631538461538462
491,FAM179A,0.666153846153846,MYOZ3,0.615384615384615,,,LRCH1,0.623076923076923
492,DSP,0.885384615384615,FOXP1,0.606923076923077,,,PPP1R12B,0.502307692307692
493,PDZK1,0.697692307692308,GAS1,0.663076923076923,,,HS3ST2,0.583846153846154
494,RERG,0.575384615384615,FRMD4A,0.779230769230769,,,DTX1,0.847692307692308
495,APCDD1,0.928461538461538,PLEKHG3,0.498461538461538,,,SLC11A2,0.501538461538462
496,EVI2A,0.514615384615385,BCL2L11,0.76,,,PLCXD2,0.619230769230769
497,HHIPL2,0.642307692307692,ITPR3,0.746153846153846,,,SBK1,0.730769230769231
498,TLR2,0.501538461538462,PLCL1,0.598461538461538,,,NKAIN3,0.878461538461539
499,GXYLT2,0.881538461538462,FABP7,0.809230769230769,,,LRRC7,0.693846153846154
500,FZD6,0.593846153846154,SACS,0.680769230769231,,,SOX11,0.768461538461539
501,HSPB1,0.525384615384615,MPG,0.681538461538462,,,RBFOX2,0.628461538461538
502,AC007405.2,0.781538461538462,EFNB2,0.575384615384615,,,RRAS2,0.508461538461539
503,AC092675.3,0.827851525219546,CHRNA5,0.748461538461538,,,AC004017.1,0.694615384615385
504,DYRK4,0.724615384615385,EXOC2,0.565384615384615,,,NR3C2,0.6
505,EMB,0.651538461538462,ALDH1A3,0.884615384615385,,,MTUS1,0.593076923076923
506,S100A6,0.733076923076923,LRRC16A,0.911538461538462,,,MRM1,0.679230769230769
507,ENTPD8,0.607345477689159,PFDN5,0.702307692307692,,,KAT2B,0.590769230769231
508,IFT57,0.801538461538462,FANCL,0.606923076923077,,,ATP6V0E2,0.496153846153846
509,BIRC3,0.513846153846154,MMP16,0.488461538461538,,,FGF12,0.91
510,CEP112,0.668461538461539,FGF14,0.883076923076923,,,PTPN5,0.91
511,RNF170,0.619230769230769,SCG5,0.750769230769231,,,TMEM150C,0.816153846153846
512,HOMEZ,0.522307692307692,IQSEC2,0.795384615384615,,,DFNA5,0.898461538461538
513,SPATA18,0.543076923076923,SLC2A3,0.776153846153846,,,FGF13,0.796153846153846
514,RASL10B,0.646153846153846,KLF7,0.580769230769231,,,RGS7BP,0.713846153846154
515,BTD,0.628461538461538,FLNC,0.866153846153846,,,CBLN4,0.807692307692308
516,LGR5,0.769230769230769,DAGLA,0.87,,,RELN,0.748461538461538
517,SMIM4,0.550769230769231,FAXDC2,0.685384615384615,,,PGBD4,0.574615384615385
518,BHLHE40,0.636153846153846,FAM19A5,0.842307692307692,,,GPR52,0.538461538461539
519,BRD7,0.489230769230769,GNAS,0.537692307692308,,,CD200,0.863846153846154
520,SOX6,0.756153846153846,PBX4,0.769230769230769,,,NHLRC1,0.613846153846154
521,EML6,0.539230769230769,PTGDS,0.486923076923077,,,FXYD6,0.820769230769231
522,VSTM2A,0.770769230769231,PLXNC1,0.903846153846154,,,C11orf63,0.785384615384615
523,TSPAN8,0.555384615384615,ADCYAP1,0.924615384615385,,,GLRB,0.757692307692308
524,PTBP3,0.501538461538462,CXCR4,0.824615384615385,,,NRXN2,0.836153846153846
525,SLC35F1,0.54,GTF3A,0.674615384615385,,,PGRMC2,0.683076923076923
526,GABRE,0.546153846153846,RAP1GAP2,0.503076923076923,,,GFPT2,0.613076923076923
527,NPNT,0.578461538461538,COL3A1,0.608461538461538,,,SPIRE1,0.79
528,CALHM2,0.695384615384615,CNKSR2,0.711538461538462,,,TUBB2A,0.686153846153846
529,MAML2,0.699230769230769,C16orf89,0.725384615384615,,,SYNRG,0.604615384615385
530,CCL3,0.540769230769231,DDX60,0.596153846153846,,,FBN2,0.686923076923077
531,COL5A1,0.675384615384615,PCDH11X,0.810769230769231,,,SNAPC3,0.613846153846154
532,CCDC8,0.731538461538462,RGS9,0.717692307692308,,,ITSN1,0.498461538461538
533,SERTAD4,0.799230769230769,WEE1,0.626923076923077,,,CARD10,0.591538461538462
534,PDE11A,0.693846153846154,PCYOX1L,0.499230769230769,,,NCAM2,0.819230769230769
535,NOG,0.550769230769231,RPL7A,0.494615384615385,,,SIM1,0.521940108468641
536,ADORA1,0.625384615384615,NTS,0.721388622312235,,,GFRA2,0.853076923076923
537,OSR2,0.616186114891701,RBMS1,0.867692307692308,,,IGSF3,0.636153846153846
538,BCAT2,0.817692307692308,SLITRK2,0.826153846153846,,,MED13L,0.773076923076923
539,SRGAP2,0.510769230769231,CLIP2,0.808461538461538,,,MED7,0.595384615384615
540,ACKR3,0.851538461538462,MRAP2,0.891538461538462,,,SPAST,0.556153846153846
541,EXT1,0.722307692307692,SWT1,0.596153846153846,,,RUSC2,0.533846153846154
542,IRF8,0.652307692307692,CHDH,0.850769230769231,,,MAP2,0.778461538461538
543,CCNJL,0.747692307692308,PRKCB,0.848461538461538,,,RSPO2,0.721538461538462
544,OBFC1,0.533076923076923,NFATC1,0.795384615384615,,,LARP1B,0.710769230769231
545,TMEFF2,0.686153846153846,SYCE1L,0.724615384615385,,,TBCCD1,0.491538461538462
546,TMEM260,0.763846153846154,RPL18,0.773076923076923,,,TLL1,0.882307692307692
547,SYT14,0.826153846153846,PABPC5,0.753846153846154,,,MLLT3,0.864615384615385
548,ERICH2,0.771538461538462,STK10,0.516923076923077,,,LHX5,0.809272441342984
549,KCTD5,0.511538461538461,KCND2,0.741538461538461,,,NRG2,0.776153846153846
550,SERPINH1,0.752307692307692,CYYR1,0.660769230769231,,,SNCA,0.840769230769231
551,TMEM100,0.559230769230769,HSPE1,0.492307692307692,,,LINGO2,0.920769230769231
552,APP,0.802307692307692,ZNF286A,0.640769230769231,,,ACHE,0.515384615384615
553,CSF1,0.593076923076923,FUT9,0.633846153846154,,,DNAJB6,0.647692307692308
554,KANK1,0.732307692307692,AIFM1,0.683846153846154,,,RYBP,0.769230769230769
555,MMP28,0.663076923076923,RPGRIP1L,0.553076923076923,,,SLC16A7,0.701538461538462
556,MMP2,0.648461538461539,GPR85,0.787692307692308,,,AKR1C2,0.664615384615385
557,SYT2,0.874615384615385,POU3F2,0.897692307692308,,,KCNK2,0.905384615384615
558,ARL6IP4,0.546923076923077,PLCH1,0.955384615384615,,,CHN2,0.722307692307692
559,LHX8,0.906153846153846,PODN,0.645384615384615,,,CIRH1A,0.729230769230769
560,ALPL,0.639230769230769,NTRK3,0.900769230769231,,,TRPC5,0.91
561,MAN1C1,0.702307692307692,GPX7,0.497692307692308,,,SMPD3,0.643076923076923
562,CHST11,0.59,EPB41L4B,0.827692307692308,,,C1orf216,0.846923076923077
563,KCNK3,0.863846153846154,BOC,0.671538461538462,,,FOSL2,0.630769230769231
564,GALNT12,0.870769230769231,MCCC1,0.635384615384615,,,TRIM39,0.515384615384615
565,LEF1,0.823076923076923,RPL34,0.593846153846154,,,MID2,0.723846153846154
566,DNAJC10,0.518461538461538,INSM2,0.837692307692308,,,CDKN2B,0.798461538461538
567,DLX4,0.626151840095995,PDE3B,0.796153846153846,,,NRF1,0.537692307692308
568,PPP1R16B,0.671538461538462,GYPC,0.738461538461539,,,CCSER1,0.789230769230769
569,DSC2,0.915384615384615,WDR72,0.812463950401339,,,TMCC3,0.608461538461538
570,FOXF1,0.601538461538462,DAPL1,0.866923076923077,,,ADCY5,0.674615384615385
571,PLEKHF2,0.505384615384615,FAM110D,0.663846153846154,,,DPYSL5,0.718461538461538
572,CDC34,0.579230769230769,ADAMTS15,0.518461538461538,,,FBXO11,0.807692307692308
573,TMPRSS9,0.655384615384615,STX8,0.55,,,PTPRZ1,0.826153846153846
574,CAND2,0.613076923076923,NRG3,0.64,,,SLC6A6,0.589230769230769
575,BMP7,0.878461538461539,MYO3A,0.79,,,FAM185A,0.564615384615385
576,CREB3L2,0.783076923076923,RP11-383H13.1,0.568461538461538,,,MARCH8,0.588461538461538
577,NXPH3,0.813846153846154,TRPS1,0.767692307692308,,,UBAP1L,0.512307692307692
578,PDZRN3,0.710769230769231,SEMA4C,0.742307692307692,,,C16orf95,0.765384615384615
579,RGS17,0.494615384615385,TCERG1L,0.925384615384615,,,DPYSL3,0.721538461538462
580,PTGFRN,0.656153846153846,PRDM8,0.491538461538462,,,ATP6V1D,0.521538461538462
581,HOXD4,0.885720887614888,CNTN2,0.79,,,TMEM108,0.687692307692308
582,TSC22D2,0.626923076923077,STAC,0.547692307692308,,,MYB,0.86
583,PHF21B,0.704615384615385,RPL37A,0.596923076923077,,,DROSHA,0.528461538461539
584,ADAMTS5,0.743076923076923,CDH7,0.783846153846154,,,DCX,0.796923076923077
585,PDGFD,0.786923076923077,TRIB3,0.505384615384615,,,CGGBP1,0.550769230769231
586,TRIQK,0.542307692307692,MTCH1,0.513076923076923,,,DDX31,0.799230769230769
587,AK5,0.722307692307692,KCND3,0.615384615384615,,,MYO5A,0.526153846153846
588,ILDR2,0.6,PCDHB2,0.592307692307692,,,SHANK1,0.583846153846154
589,SNX21,0.7,RAI14,0.78,,,TCEAL5,0.606153846153846
590,NPTN,0.512307692307692,BARD1,0.741538461538461,,,GREM2,0.626153846153846
591,PAPSS1,0.587692307692308,CEBPB,0.506923076923077,,,AC008060.7,0.883076923076923
592,CNGA3,0.844615384615385,SH3BGRL,0.75,,,MAB21L1,0.839230769230769
593,PLIN3,0.617692307692308,WDFY4,0.564615384615385,,,THBS1,0.740769230769231
594,SP5,0.904615384615385,TCP10L,0.673076923076923,,,GPM6A,0.546153846153846
595,HMCN1,0.549230769230769,BMP5,0.667692307692308,,,SLC12A6,0.594615384615385
596,HOXA13,0.628341454728914,IGFBP5,0.727692307692308,,,EPG5,0.506923076923077
597,FAM43A,0.595384615384615,GLRX3,0.552307692307692,,,PDZD4,0.841538461538462
598,DPM3,0.735384615384615,GABRA2,0.707692307692308,,,EPAS1,0.632307692307692
599,PSMG1,0.698461538461539,KIF21A,0.749230769230769,,,KLHL22,0.511538461538461
600,LEPRE1,0.529230769230769,NLRP1,0.7,,,BMI1,0.62
601,TMEM99,0.503846153846154,DSCAM,0.894615384615385,,,FAM101A,0.648461538461539
602,EN1,0.806153846153846,SERP2,0.530769230769231,,,HIRIP3,0.590769230769231
603,ARHGEF28,0.79,DOCK11,0.527692307692308,,,GAB2,0.529230769230769
604,GNAI2,0.543846153846154,EYA1,0.715384615384615,,,NHSL2,0.751538461538462
605,ALX4,0.674615384615385,SORBS3,0.529230769230769,,,C12orf5,0.608461538461538
606,C15orf38-AP3S2,0.605384615384615,EIF3H,0.581538461538462,,,HAGH,0.604615384615385
607,CYB5R2,0.63,GRIA4,0.652307692307692,,,PXMP4,0.569230769230769
608,HK2,0.842307692307692,COL8A1,0.613076923076923,,,PDE4D,0.549230769230769
609,LRTM1,0.593078878254205,BUB1,0.523076923076923,,,FAM110B,0.543846153846154
610,XBP1,0.588461538461538,NIPA2,0.546153846153846,,,RIMS4,0.493846153846154
611,SYK,0.783846153846154,PTPLA,0.52,,,EXOC6B,0.58
612,FZD7,0.788461538461539,ZNF486,0.617692307692308,,,CTNNBIP1,0.500769230769231
613,SLC4A4,0.538461538461539,ELN,0.601538461538462,,,H3F3C,0.702307692307692
614,CLYBL,0.802307692307692,LZTS3,0.514615384615385,,,MCF2L,0.601538461538462
615,LURAP1L,0.706153846153846,ZNF90,0.615384615384615,,,ARID5B,0.804615384615385
616,NGLY1,0.585384615384615,CCNB1,0.506153846153846,,,TMEM167A,0.715384615384615
617,VIT,0.538180429266796,YWHAZ,0.513846153846154,,,C8orf48,0.543076923076923
618,PTPRH,0.577692307692308,,,,,CHST12,0.516923076923077
619,ARAP2,0.576923076923077,,,,,SMOC1,0.87
620,ABCD2,0.750769230769231,,,,,GLRA2,0.827692307692308
621,REXO2,0.594615384615385,,,,,PLXNA2,0.808461538461538
622,SUMF1,0.676153846153846,,,,,ABLIM1,0.594615384615385
623,KIF7,0.563846153846154,,,,,C4orf33,0.616153846153846
624,PIWIL4,0.605384615384615,,,,,KIF1B,0.526153846153846
625,SHOX2,0.65,,,,,FAM13B,0.604615384615385
626,MT3,0.573076923076923,,,,,GPR21,0.714615384615385
627,TMEM196,0.612307692307692,,,,,AKR1C1,0.851538461538462
628,ROR2,0.865384615384615,,,,,STK32C,0.649230769230769
629,RORB,0.543846153846154,,,,,RC3H1,0.536153846153846
630,NKD2,0.881538461538462,,,,,GNA12,0.701538461538462
631,ALDH1L1,0.566923076923077,,,,,HERC1,0.532307692307692
632,COL2A1,0.636153846153846,,,,,DPYSL4,0.861538461538462
633,RNF215,0.688461538461538,,,,,SHD,0.896153846153846
634,CBLN2,0.535384615384615,,,,,DLG5,0.567692307692308
635,LINGO1,0.568461538461538,,,,,MYT1L,0.786923076923077
636,GALNT10,0.597692307692308,,,,,RAB6B,0.491538461538462
637,FJX1,0.623076923076923,,,,,C13orf45,0.899788437494665
638,TRIM5,0.533076923076923,,,,,TRIM67,0.666923076923077
639,CCDC181,0.667692307692308,,,,,SYCP2,0.489230769230769
640,RUNX2,0.570769230769231,,,,,ATP6AP2,0.496923076923077
641,ST6GAL2,0.82,,,,,ARID2,0.521538461538462
642,CDKN1C,0.893846153846154,,,,,PARD3,0.516923076923077
643,PRDM1,0.670769230769231,,,,,ELMOD1,0.826923076923077
644,TMEM261,0.643846153846154,,,,,SLC16A14,0.790769230769231
645,PAM,0.753846153846154,,,,,TJP1,0.778461538461538
646,RCN1,0.698461538461539,,,,,C2orf49,0.496153846153846
647,PGM5,0.631538461538462,,,,,SDC3,0.533846153846154
648,GJA3,0.678427967747794,,,,,MTSS1,0.828461538461538
649,AIP,0.539230769230769,,,,,PPAPDC1A,0.653846153846154
650,CYP39A1,0.613076923076923,,,,,SNCAIP,0.950769230769231
651,IQSEC3,0.743846153846154,,,,,SYT6,0.904615384615385
652,CACNA1A,0.866153846153846,,,,,JPH3,0.633846153846154
653,HRASLS5,0.891538461538462,,,,,NETO2,0.802307692307692
654,GLCE,0.584615384615385,,,,,TMEM161B,0.626923076923077
655,SCARA3,0.79,,,,,PAG1,0.586153846153846
656,CRB2,0.653076923076923,,,,,DGKB,0.861538461538462
657,FBXL7,0.886923076923077,,,,,GNAQ,0.576153846153846
658,PITPNM2,0.587692307692308,,,,,CAP2,0.861538461538462
659,PPFIBP2,0.672307692307692,,,,,DLG2,0.733076923076923
660,SLC13A3,0.82,,,,,SCRN1,0.696153846153846
661,LMO2,0.721538461538462,,,,,TNRC18,0.508461538461539
662,MYO3B,0.811538461538462,,,,,PTHLH,0.810769230769231
663,TENM3,0.687692307692308,,,,,GDF1,0.705384615384615
664,NBL1,0.843076923076923,,,,,GDF7,0.877692307692308
665,NHS,0.717692307692308,,,,,KIAA1586,0.746923076923077
666,MYH15,0.841538461538462,,,,,SIX1,0.766153846153846
667,C21orf33,0.543076923076923,,,,,FAM19A2,0.8
668,CD226,0.683076923076923,,,,,PPP1R21,0.71
669,RAI2,0.929230769230769,,,,,,
670,CDC14A,0.681538461538462,,,,,,
671,EBF2,0.807692307692308,,,,,,
672,ERP44,0.687692307692308,,,,,,
673,COL6A3,0.697692307692308,,,,,,
674,CCBE1,0.657692307692308,,,,,,
675,CELF6,0.693076923076923,,,,,,
676,ETV5,0.554615384615385,,,,,,
677,NKD1,0.637692307692308,,,,,,
678,SEMA4F,0.506923076923077,,,,,,
679,ADAM19,0.756153846153846,,,,,,
680,LRIG3,0.939230769230769,,,,,,
681,COL4A5,0.8,,,,,,
682,CACNA1S,0.649230769230769,,,,,,
683,HOXD13,0.660052526050114,,,,,,
684,MMP14,0.811538461538462,,,,,,
685,HOXD11,0.563492891509779,,,,,,
686,SMARCD2,0.698461538461539,,,,,,
687,ITGA6,0.696923076923077,,,,,,
688,AC010441.1,0.582307692307692,,,,,,
689,CD44,0.541538461538462,,,,,,
690,RSRC1,0.66,,,,,,
691,LACTBL1,0.582274683928305,,,,,,
692,TNFRSF21,0.556923076923077,,,,,,
693,ZNF576,0.486153846153846,,,,,,
694,PAX3,0.800769230769231,,,,,,
695,LGALSL,0.651538461538462,,,,,,
696,HOXC5,0.893340936982969,,,,,,
697,TSPAN11,0.722307692307692,,,,,,
698,HECW1,0.881538461538462,,,,,,
699,TEF,0.674615384615385,,,,,,
700,PCSK1,0.883846153846154,,,,,,
701,ADAMTSL1,0.597692307692308,,,,,,
702,TNNC1,0.621538461538461,,,,,,
703,UST,0.586923076923077,,,,,,
704,PIEZO2,0.653076923076923,,,,,,
705,MARVELD1,0.656153846153846,,,,,,
706,STK17A,0.623076923076923,,,,,,
707,WNT16,0.651538461538462,,,,,,
708,GALNT14,0.940769230769231,,,,,,
709,LMCD1,0.594615384615385,,,,,,
710,CDC42EP1,0.524615384615385,,,,,,
711,DCUN1D3,0.651538461538462,,,,,,
712,NRTN,0.890769230769231,,,,,,
