Gene,Group,Correlation
FAM65B,Group4,0.979230769230769
ZFPM2,WNT,0.957692307692308
ZFPM2,Group3,0.957692307692308
PLCH1,SHH,0.955384615384615
SIX6,Group4,0.955350552521509
SNCAIP,Group4,0.950769230769231
FOXG1,Group4,0.947956641873348
FOXG1,Group3,0.947956641873348
MYCL,SHH,0.947692307692308
SLC10A4,Group4,0.947692307692308
DMRTA1,SHH,0.945384615384615
CNPY1,Group4,0.945384615384615
EN2,Group4,0.943846153846154
FSTL5,Group3,0.942307692307692
PAPPA2,Group3,0.941538461538462
IMPG2,Group3,0.941538461538462
OR2W3,Group3,0.941334889503824
GALNT14,WNT,0.940769230769231
LRIG3,WNT,0.939230769230769
PTPRO,Group4,0.939230769230769
PTPRO,Group3,0.939230769230769
KIAA1239,Group4,0.938461538461539
UNC5D,Group4,0.938461538461539
AC012215.1,Group4,0.938461538461539
ZIC2,WNT,0.936923076923077
TRIM58,Group3,0.934615384615385
EYA2,Group3,0.934615384615385
ANO2,Group3,0.933846153846154
FAM174B,WNT,0.932307692307692
FAM174B,Group3,0.932307692307692
ENC1,Group4,0.931538461538462
RP11-127H5.1,Group3,0.930769230769231
GUCY2D,Group3,0.930769230769231
SATB2,SHH,0.93
RAI2,WNT,0.929230769230769
APCDD1,WNT,0.928461538461538
HIST1H4F,Group4,0.927692307692308
FEZF1,Group4,0.927420040126835
DOK6,Group4,0.926923076923077
TAL2,WNT,0.926923076923077
TAL2,Group3,0.926923076923077
DOK6,Group3,0.926923076923077
CAMK2N1,SHH,0.925384615384615
TCERG1L,SHH,0.925384615384615
CAMK2N1,Group4,0.925384615384615
DRD2,SHH,0.925384615384615
RD3,Group3,0.925384615384615
ADCYAP1,SHH,0.924615384615385
PPP2R2B,Group3,0.923846153846154
LDLRAD4,Group3,0.923076923076923
KCNA5,Group3,0.921538461538462
GSG1L,Group4,0.921538461538462
SEMA3A,Group4,0.921538461538462
KCNA5,Group4,0.921538461538462
EYS,Group3,0.921538461538462
ISLR2,Group4,0.921538461538462
LINGO2,Group4,0.920769230769231
SMARCD3,Group3,0.92
AP000783.1,Group3,0.92
RALYL,Group4,0.919230769230769
LPPR5,Group3,0.919230769230769
PDE10A,SHH,0.918461538461539
DLGAP1,Group4,0.917692307692308
NPR3,Group3,0.916923076923077
FCER2,Group3,0.916923076923077
ZIC5,WNT,0.916923076923077
RBP1,WNT,0.916923076923077
RBP1,SHH,0.916923076923077
RBM24,Group4,0.916923076923077
PROKR2,Group3,0.916089570911036
DSC2,WNT,0.915384615384615
LMX1A,Group4,0.915384615384615
LHX2,Group4,0.915384615384615
SH3GL2,Group4,0.913846153846154
SH3GL2,SHH,0.913846153846154
FZD1,Group3,0.913846153846154
ZFHX4,Group3,0.913076923076923
PTPRK,SHH,0.913076923076923
ASTN2,Group4,0.912307692307692
INPP5F,Group4,0.912307692307692
LRRC16A,SHH,0.911538461538462
CTTNBP2,Group4,0.911538461538462
EVC2,SHH,0.910769230769231
EVC2,WNT,0.910769230769231
FGF12,Group4,0.91
DAB1,Group3,0.91
PPP1R1A,Group4,0.91
PTPN5,Group4,0.91
TRPC5,Group4,0.91
SV2C,Group3,0.909230769230769
TBR1,Group3,0.909230769230769
KCTD17,SHH,0.909230769230769
KCTD17,WNT,0.909230769230769
ZMAT4,WNT,0.909230769230769
RTKN,WNT,0.909230769230769
TBR1,Group4,0.909230769230769
FAM19A4,Group3,0.909230769230769
GHR,Group3,0.908461538461539
ERBB4,Group4,0.908461538461539
POU3F3,SHH,0.908461538461539
ARR3,Group3,0.907901492610911
CHL1,Group4,0.907692307692308
DCT,Group3,0.907692307692308
RASL11B,WNT,0.906923076923077
GPR12,Group4,0.906923076923077
NCKAP5,Group4,0.906153846153846
LHX8,WNT,0.906153846153846
RP11-247C2.2,Group4,0.906153846153846
NCKAP5,Group3,0.906153846153846
PTX3,SHH,0.906153846153846
KCNK2,Group4,0.905384615384615
SYT6,Group4,0.904615384615385
SLITRK3,Group3,0.904615384615385
B4GALT6,Group4,0.904615384615385
SP5,WNT,0.904615384615385
PLXNC1,SHH,0.903846153846154
CRX,Group3,0.903846153846154
EMID1,WNT,0.903076923076923
NMNAT3,Group4,0.903076923076923
ZNF703,Group3,0.902307692307692
LHX4,Group3,0.902307692307692
MEIS2,Group4,0.902307692307692
MEIS1,WNT,0.902307692307692
LHX4,Group4,0.902307692307692
CDH23,Group4,0.901538461538462
GREB1L,SHH,0.901538461538462
FREM3,Group4,0.901538461538462
LPPR4,Group3,0.900769230769231
LPPR4,Group4,0.900769230769231
NTRK3,SHH,0.900769230769231
C13orf45,Group4,0.899788437494665
GGACT,WNT,0.899230769230769
KCNA1,Group4,0.899230769230769
PDPN,SHH,0.898461538461538
GRAMD1B,Group3,0.898461538461538
SLC24A2,Group4,0.898461538461538
SLC24A2,WNT,0.898461538461538
DFNA5,Group4,0.898461538461538
TPRX2P,Group3,0.898076192062872
SPHKAP,SHH,0.897692307692308
TPBG,Group4,0.897692307692308
POU3F2,SHH,0.897692307692308
LPAR4,Group4,0.896923076923077
ADAM23,SHH,0.896923076923077
C14orf23,Group3,0.896438781584557
TSHZ3,Group3,0.896153846153846
PLA2G4C,Group3,0.896153846153846
C19orf77,Group4,0.896153846153846
KCNB2,Group3,0.896153846153846
C2orf71,Group3,0.896153846153846
KCNB2,Group4,0.896153846153846
C19orf77,Group3,0.896153846153846
SHD,Group4,0.896153846153846
BARHL1,Group4,0.896153846153846
DSCAM,SHH,0.894615384615385
SEMA6A,SHH,0.894615384615385
CDKN1C,WNT,0.893846153846154
EOMES,Group4,0.893846153846154
HOXC5,WNT,0.893340936982969
SBSPON,SHH,0.893076923076923
PRMT8,WNT,0.893076923076923
ANKRD30B,Group4,0.893076923076923
BARHL2,SHH,0.892307692307692
KCNN1,Group4,0.892307692307692
EXPH5,Group4,0.892307692307692
FAM89A,Group3,0.891538461538462
MRAP2,SHH,0.891538461538462
DCDC1,SHH,0.891538461538462
ARHGAP9,Group3,0.891538461538462
GABRA5,Group3,0.891538461538462
HRASLS5,WNT,0.891538461538462
CDH18,Group4,0.890769230769231
ESRRG,Group4,0.890769230769231
PSMD14,Group3,0.890769230769231
GSG1,Group3,0.890769230769231
TBX3,Group3,0.890769230769231
NRTN,WNT,0.890769230769231
NLGN1,SHH,0.89
EVC,SHH,0.89
EVC,WNT,0.89
PAQR9,Group4,0.889230769230769
AC026703.1,Group3,0.889230769230769
PAQR9,Group3,0.889230769230769
SYCP1,Group4,0.888809713726884
MFNG,WNT,0.888461538461539
CACNA2D1,Group4,0.888461538461539
TOX3,SHH,0.888461538461539
PDGFC,WNT,0.888461538461539
CACNA2D1,Group3,0.888461538461539
BNC2,Group3,0.888461538461539
NUDT4,Group4,0.888461538461539
MFNG,SHH,0.888461538461539
IGF2BP3,Group3,0.888461538461539
GAP43,WNT,0.886923076923077
PARD6B,Group3,0.886923076923077
PAX6,SHH,0.886923076923077
TP53BP2,Group4,0.886923076923077
FBXL7,WNT,0.886923076923077
STOX2,Group4,0.886153846153846
HOXD4,WNT,0.885720887614888
DSP,WNT,0.885384615384615
SEMA3C,Group3,0.885384615384615
LHX1,Group4,0.884615384615385
SBK2,Group3,0.884615384615385
ALDH1A3,SHH,0.884615384615385
PCSK1,WNT,0.883846153846154
SYTL4,Group3,0.883846153846154
HS3ST1,WNT,0.883846153846154
PDE6H,Group3,0.883404268030891
HCN2,Group3,0.883076923076923
HUNK,WNT,0.883076923076923
FGF14,SHH,0.883076923076923
AC008060.7,Group4,0.883076923076923
GABRG2,Group3,0.883076923076923
GABARAPL1,Group3,0.883076923076923
EOGT,WNT,0.882307692307692
KIAA1549L,SHH,0.882307692307692
KIAA1549L,Group4,0.882307692307692
TLL1,Group4,0.882307692307692
NLGN4X,SHH,0.882307692307692
EOGT,Group3,0.882307692307692
HECW1,WNT,0.881538461538462
DENND1B,Group3,0.881538461538462
GXYLT2,WNT,0.881538461538462
NKAIN1,SHH,0.881538461538462
NKD2,WNT,0.881538461538462
MAB21L2,Group3,0.881538461538462
NKAIN1,Group4,0.881538461538462
TGFB3,Group3,0.880769230769231
FOXP2,Group4,0.880769230769231
TENM4,Group4,0.880769230769231
KBTBD11,Group4,0.88
TMEM163,Group4,0.88
CHRM3,Group4,0.88
LRRC4B,Group4,0.879230769230769
CNTN1,Group3,0.879230769230769
NTF3,Group3,0.879230769230769
NTF3,Group4,0.879230769230769
NPTX1,Group3,0.879230769230769
CNTN1,Group4,0.879230769230769
BMP7,WNT,0.878461538461539
VRK2,WNT,0.878461538461539
AGTR1,Group4,0.878461538461539
NKAIN3,Group4,0.878461538461539
VRK2,SHH,0.878461538461539
C18orf42,WNT,0.877692307692308
FRMPD1,Group3,0.877692307692308
GDF7,Group4,0.877692307692308
KIAA0319,Group4,0.877692307692308
ROBO1,SHH,0.876923076923077
TOM1L1,SHH,0.876923076923077
SLC22A23,Group3,0.876923076923077
TOX,Group4,0.876923076923077
TMEM98,SHH,0.876923076923077
TOM1L1,WNT,0.876923076923077
LRRC55,WNT,0.876923076923077
SLC22A23,Group4,0.876923076923077
CPNE4,Group4,0.876153846153846
MCC,Group4,0.876153846153846
TRIM36,Group3,0.875384615384615
SYT1,WNT,0.875384615384615
SYT1,SHH,0.875384615384615
GNAL,Group4,0.874615384615385
NTN4,Group4,0.874615384615385
NTN4,SHH,0.874615384615385
SYT2,WNT,0.874615384615385
USP2,Group3,0.874615384615385
ELAVL4,SHH,0.873846153846154
RD3L,Group3,0.873472079659911
L3MBTL4,SHH,0.873076923076923
PLXDC1,WNT,0.872307692307692
IGSF21,Group4,0.872307692307692
TMEM35,Group4,0.871538461538462
RASGEF1B,Group3,0.870769230769231
CSRNP3,Group3,0.870769230769231
UNC5C,SHH,0.870769230769231
LRRC38,Group4,0.870769230769231
IL17D,WNT,0.870769230769231
KCNJ6,SHH,0.870769230769231
GALNT12,WNT,0.870769230769231
TFAP2D,Group4,0.870276757054907
SORCS3,WNT,0.87
DAGLA,SHH,0.87
SMOC1,Group4,0.87
GRIK4,Group4,0.87
FANCF,Group3,0.869230769230769
NMNAT2,SHH,0.868461538461539
INHBB,Group3,0.868461538461539
ROBO2,SHH,0.867692307692308
NIM1,Group4,0.867692307692308
RBMS1,SHH,0.867692307692308
DMD,Group3,0.867692307692308
CENPW,Group3,0.867692307692308
DAPL1,SHH,0.866923076923077
GCNT2,SHH,0.866923076923077
MAPRE2,Group3,0.866923076923077
MAPRE2,Group4,0.866923076923077
LPPR3,Group4,0.866923076923077
ZNF516,SHH,0.866153846153846
CACNA1A,WNT,0.866153846153846
FLNC,SHH,0.866153846153846
HAS3,SHH,0.866153846153846
LIN28B,Group3,0.866051064936904
ACVR1,Group4,0.865384615384615
SLC4A8,SHH,0.865384615384615
AL354993.1,SHH,0.865384615384615
ROR2,WNT,0.865384615384615
SLC5A8,Group3,0.864871311358914
GLI1,SHH,0.864615384615385
HOOK1,Group3,0.864615384615385
MLLT3,Group4,0.864615384615385
HOOK1,Group4,0.864615384615385
PPP2R2C,SHH,0.863846153846154
CDKAL1,Group3,0.863846153846154
KCNK3,WNT,0.863846153846154
PCK2,Group3,0.863846153846154
CD200,Group4,0.863846153846154
ATP8A1,WNT,0.863846153846154
PCOLCE2,Group3,0.863076923076923
RNF112,WNT,0.863076923076923
BTBD11,SHH,0.862307692307692
NR2F1,WNT,0.862307692307692
PTGER2,Group4,0.862307692307692
NR2F1,SHH,0.862307692307692
SAMD3,Group3,0.861538461538462
DPYSL4,Group4,0.861538461538462
DGKB,Group4,0.861538461538462
CAP2,Group4,0.861538461538462
LHX9,Group3,0.861319500449147
PALMD,Group3,0.860769230769231
PNMAL2,Group4,0.860769230769231
FAM222A,Group4,0.860769230769231
GPR139,Group4,0.860039107515897
MYB,Group4,0.86
PDS5B,Group4,0.86
CELF5,Group4,0.86
JPH4,WNT,0.858461538461538
KLF11,Group4,0.858461538461538
KL,Group4,0.858461538461538
MAP7,Group3,0.858461538461538
LONRF2,Group4,0.858461538461538
JPH4,SHH,0.858461538461538
KLF11,Group3,0.858461538461538
FGFBP3,Group3,0.857692307692308
CERS4,Group3,0.857692307692308
BTC,Group3,0.857692307692308
CERS4,WNT,0.857692307692308
RHBDL3,Group4,0.857692307692308
DENND1A,Group3,0.856923076923077
AIF1L,Group4,0.856923076923077
FLRT2,SHH,0.856923076923077
FLRT2,WNT,0.856923076923077
MED12L,Group4,0.856153846153846
MED12L,SHH,0.856153846153846
BOK,SHH,0.856153846153846
TGFA,WNT,0.856153846153846
GADD45A,WNT,0.856153846153846
IQCA1,WNT,0.856153846153846
PRPH2,Group3,0.856153846153846
EMX2,WNT,0.854615384615385
HTR1A,Group3,0.854615384615385
TNFRSF19,WNT,0.854615384615385
LAPTM4B,Group3,0.854615384615385
LRRC34,Group3,0.854615384615385
TSHZ2,SHH,0.853846153846154
SGK1,Group4,0.853846153846154
HLX,Group3,0.853846153846154
SGK1,Group3,0.853846153846154
ARHGEF26,SHH,0.853846153846154
GFRA2,Group4,0.853076923076923
RALGPS2,Group3,0.853076923076923
OTX2,Group4,0.852307692307692
MYO16,SHH,0.852307692307692
OTX2,Group3,0.852307692307692
ACKR3,WNT,0.851538461538462
AKR1C1,Group4,0.851538461538462
TMEM132C,WNT,0.850769230769231
APOL4,WNT,0.850769230769231
APOL4,SHH,0.850769230769231
ARHGAP15,Group4,0.850769230769231
USH2A,Group3,0.850769230769231
FSTL4,WNT,0.850769230769231
CHDH,SHH,0.850769230769231
ARHGAP15,Group3,0.850769230769231
ARL6,Group3,0.85
EGLN3,Group3,0.85
RPRM,Group3,0.85
ELL2,Group3,0.849230769230769
GLIPR2,Group3,0.849230769230769
JMY,Group3,0.849230769230769
NRCAM,WNT,0.849230769230769
PRKCB,SHH,0.848461538461538
SORBS2,Group3,0.848461538461538
TGIF2,WNT,0.847692307692308
TGIF2,SHH,0.847692307692308
PCYT1B,WNT,0.847692307692308
PCYT1B,SHH,0.847692307692308
DTX1,Group4,0.847692307692308
C1orf216,Group4,0.846923076923077
NDST3,SHH,0.846153846153846
ELSPBP1,Group3,0.845858988234699
SHROOM2,SHH,0.845384615384615
S100A2,WNT,0.845384615384615
IFITM10,SHH,0.845384615384615
VWDE,WNT,0.845384615384615
S100A2,SHH,0.845384615384615
ST6GAL1,Group4,0.844615384615385
CNGA3,WNT,0.844615384615385
GRIN2A,SHH,0.844615384615385
DOK5,WNT,0.844615384615385
RP1,Group3,0.844615384615385
ACPL2,SHH,0.843846153846154
ACPL2,Group4,0.843846153846154
NALCN,Group4,0.843846153846154
EPHA5,Group4,0.843846153846154
EPHA4,WNT,0.843846153846154
PARP9,SHH,0.843846153846154
NBL1,WNT,0.843076923076923
CEACAM21,Group3,0.843076923076923
KCNA2,WNT,0.843076923076923
HECA,Group4,0.843076923076923
AFF3,SHH,0.843076923076923
EMILIN3,SHH,0.842307692307692
DENND2C,Group3,0.842307692307692
RREB1,Group3,0.842307692307692
CDYL2,Group4,0.842307692307692
FAM19A5,SHH,0.842307692307692
RREB1,Group4,0.842307692307692
HK2,WNT,0.842307692307692
MYH15,WNT,0.841538461538462
IPCEF1,Group4,0.841538461538462
RGS6,Group3,0.841538461538462
PDZD4,Group4,0.841538461538462
SERINC2,SHH,0.841538461538462
TMEM244,Group3,0.841416723534254
SNCA,Group4,0.840769230769231
NEFM,Group3,0.840769230769231
VWA5B2,WNT,0.840769230769231
AGBL1,Group3,0.840769230769231
GPR98,WNT,0.840769230769231
CABP5,Group3,0.840290348180773
POU6F2,SHH,0.84
CALN1,SHH,0.84
MAB21L1,Group4,0.839230769230769
DIRAS3,Group4,0.839230769230769
FREM2,WNT,0.839230769230769
PDE4B,Group4,0.838461538461538
MYO1B,WNT,0.838461538461538
FAM43B,SHH,0.838461538461538
INSM2,SHH,0.837692307692308
RHEB,Group4,0.836923076923077
SRGAP1,SHH,0.836153846153846
NRXN2,Group4,0.836153846153846
DCC,SHH,0.835384615384615
CXorf57,SHH,0.835384615384615
CAMSAP3,Group4,0.835384615384615
CAMSAP3,Group3,0.835384615384615
CDK14,Group4,0.835384615384615
EFNA5,WNT,0.835384615384615
TMEM132B,Group4,0.835384615384615
TRHDE,SHH,0.834615384615385
NTN1,WNT,0.834615384615385
NTN1,SHH,0.834615384615385
TTC9,Group4,0.834615384615385
TTC9,WNT,0.834615384615385
CSRP2,Group4,0.833846153846154
CTC-360G5.1,SHH,0.833846153846154
SV2A,WNT,0.833076923076923
MARCH1,Group3,0.833076923076923
MMP17,SHH,0.833076923076923
RUNDC3B,Group4,0.833076923076923
EDIL3,Group4,0.832307692307692
KLHL4,SHH,0.832307692307692
KCNT2,SHH,0.832307692307692
EDIL3,Group3,0.832307692307692
TEX15,SHH,0.831538461538462
TPM1,WNT,0.830769230769231
GPR61,Group3,0.830769230769231
IFNLR1,WNT,0.830769230769231
IRX1,SHH,0.83
KCNH1,Group3,0.829230769230769
NDP,SHH,0.829230769230769
BCL11A,SHH,0.828461538461538
FRMPD2,WNT,0.828461538461538
C21orf90,Group3,0.828461538461538
C1orf173,Group3,0.828461538461538
MTSS1,Group4,0.828461538461538
AC092675.3,WNT,0.827851525219546
EPB41L4B,SHH,0.827692307692308
SVIL,WNT,0.827692307692308
SLC6A3,Group4,0.827692307692308
TGIF1,WNT,0.827692307692308
RPH3A,Group4,0.827692307692308
PCDHB7,Group4,0.827692307692308
CMPK2,Group4,0.827692307692308
GLRA2,Group4,0.827692307692308
IGLON5,SHH,0.826923076923077
ELMOD1,Group4,0.826923076923077
HSD17B14,WNT,0.826923076923077
MYC,Group3,0.826923076923077
PDGFRA,WNT,0.826923076923077
SLITRK2,SHH,0.826153846153846
SYT14,WNT,0.826153846153846
PTPRZ1,Group4,0.826153846153846
ST18,Group4,0.826153846153846
TMTC2,Group4,0.826153846153846
ETV6,SHH,0.825384615384615
IL17RB,SHH,0.825384615384615
ETV6,WNT,0.825384615384615
ANKRD65,WNT,0.825384615384615
ANKRD65,SHH,0.825384615384615
SLC6A15,SHH,0.824615384615385
TBC1D8,Group4,0.824615384615385
AKAP6,SHH,0.824615384615385
COLGALT2,WNT,0.824615384615385
CNTNAP2,Group4,0.824615384615385
TBC1D8,Group3,0.824615384615385
STON2,WNT,0.824615384615385
CXCR4,SHH,0.824615384615385
AKAP6,WNT,0.824615384615385
RP11-1085N6.3,Group3,0.823846153846154
NKX6-1,WNT,0.823846153846154
SPNS2,SHH,0.823076923076923
LEF1,WNT,0.823076923076923
TPBGL,SHH,0.823076923076923
CNGB1,Group3,0.823076923076923
ALS2CR12,Group3,0.823076923076923
TRIM71,SHH,0.823076923076923
PALM,SHH,0.823076923076923
STRADB,Group3,0.822307692307692
KCTD8,Group4,0.822307692307692
ANKRD33B,Group3,0.822307692307692
PRX,Group4,0.821538461538462
MMD,Group3,0.821538461538462
SOX2,SHH,0.821538461538462
MMD,Group4,0.821538461538462
FXYD6,Group4,0.820769230769231
PHACTR3,SHH,0.820769230769231
ETFB,WNT,0.820769230769231
ST3GAL6,Group4,0.82
RHOB,WNT,0.82
TGFBR3,Group3,0.82
RHOB,SHH,0.82
WASF3,Group3,0.82
B3GAT1,Group4,0.82
ST6GAL2,WNT,0.82
SLC13A3,WNT,0.82
BSPH1,Group3,0.819913827706012
PCBP3,SHH,0.819230769230769
NCAM2,Group4,0.819230769230769
SHANK2,SHH,0.818461538461539
PDE1C,Group4,0.818461538461539
SLITRK1,Group3,0.818461538461539
FHDC1,Group4,0.818461538461539
UBASH3B,SHH,0.818461538461539
BCAT2,WNT,0.817692307692308
ERI3,Group3,0.816923076923077
TCF7L2,Group3,0.816923076923077
EFNA4,WNT,0.816923076923077
SNN,Group4,0.816923076923077
CADPS2,Group4,0.816153846153846
CACNG7,SHH,0.816153846153846
GRIN3A,Group4,0.816153846153846
PDE3A,SHH,0.816153846153846
PRICKLE2,Group3,0.816153846153846
TMEM150C,Group4,0.816153846153846
PTCHD2,Group4,0.816153846153846
C7orf33,Group3,0.815507591368068
PCDH17,Group4,0.815384615384615
TH,WNT,0.815242735793939
NXPH3,WNT,0.813846153846154
KRT17,SHH,0.813846153846154
UBE2QL1,SHH,0.813846153846154
GLDC,SHH,0.813846153846154
GAS2,Group3,0.813846153846154
ZHX2,WNT,0.813846153846154
GPLD1,Group4,0.813076923076923
HS6ST1,SHH,0.813076923076923
KCNMA1,Group3,0.813076923076923
GPLD1,Group3,0.813076923076923
WDR72,SHH,0.812463950401339
NSG2,Group3,0.812307692307692
MGAT5,Group4,0.812307692307692
ROGDI,Group4,0.811538461538462
MYO3B,WNT,0.811538461538462
ADCY1,Group4,0.811538461538462
MMP14,WNT,0.811538461538462
ATF3,WNT,0.810769230769231
HOMER1,Group3,0.810769230769231
MBNL1,SHH,0.810769230769231
MINOS1-NBL1,WNT,0.810769230769231
HOMER1,Group4,0.810769230769231
PTHLH,Group4,0.810769230769231
PCDH11X,SHH,0.810769230769231
PCSK2,Group3,0.81
SYNJ2,Group4,0.81
LHX5,Group4,0.809272441342984
NUBPL,Group3,0.809230769230769
SGMS1,Group4,0.809230769230769
NUBPL,WNT,0.809230769230769
FABP7,SHH,0.809230769230769
SGMS1,Group3,0.809230769230769
RP11-834C11.12,WNT,0.808776002766186
EGFR,SHH,0.808461538461538
PLXNA2,Group4,0.808461538461538
CLIP2,SHH,0.808461538461538
FMN2,Group4,0.807692307692308
KCNJ4,SHH,0.807692307692308
FBXO11,Group4,0.807692307692308
EBF2,WNT,0.807692307692308
CBLN4,Group4,0.807692307692308
HS3ST3B1,WNT,0.807692307692308
CCDC109B,WNT,0.806923076923077
NUAK2,SHH,0.806923076923077
SLC24A4,Group4,0.806923076923077
CCDC109B,SHH,0.806923076923077
HOXD8,WNT,0.806774680936778
PDE5A,SHH,0.806153846153846
IQCK,Group3,0.806153846153846
KHDRBS2,Group4,0.806153846153846
PDLIM3,SHH,0.806153846153846
PDE5A,WNT,0.806153846153846
CECR2,SHH,0.806153846153846
EN1,WNT,0.806153846153846
EPB41L4A,SHH,0.805384615384615
ARNTL,Group3,0.805384615384615
BRI3BP,Group4,0.805384615384615
PRKD1,SHH,0.805384615384615
SLCO5A1,Group3,0.804615384615385
C3orf58,Group4,0.804615384615385
CBLB,Group3,0.804615384615385
ARID5B,Group4,0.804615384615385
SLCO5A1,Group4,0.804615384615385
CPNE2,SHH,0.803846153846154
AC096677.1,WNT,0.803846153846154
LDLRAD3,WNT,0.803846153846154
KLF12,SHH,0.803076923076923
KLF12,Group4,0.803076923076923
RNF43,WNT,0.803076923076923
APP,WNT,0.802307692307692
UGT8,SHH,0.802307692307692
UGT8,WNT,0.802307692307692
EPHB1,Group4,0.802307692307692
NETO2,Group4,0.802307692307692
CLYBL,WNT,0.802307692307692
NAA35,Group4,0.801538461538462
BMF,Group3,0.801538461538462
BMF,WNT,0.801538461538462
EPHA2,WNT,0.801538461538462
SLC8A1,Group3,0.801538461538462
TDRD9,Group3,0.801538461538462
EPHA2,Group3,0.801538461538462
FXYD6-FXYD2,Group4,0.801538461538462
CYP11A1,SHH,0.801538461538462
IFT57,WNT,0.801538461538462
REPS1,Group4,0.800769230769231
PDE7B,Group4,0.800769230769231
REPS1,Group3,0.800769230769231
DISC1,Group3,0.800769230769231
PAX3,WNT,0.800769230769231
BEX5,Group4,0.800769230769231
SSX2IP,Group3,0.800769230769231
MPPED1,Group4,0.800769230769231
FAM19A2,Group4,0.8
RPGRIP1,Group4,0.8
ADAMTS12,SHH,0.8
HOXC4,WNT,0.8
NFIB,Group4,0.8
COL4A5,WNT,0.8
IL17RD,SHH,0.799230769230769
DDX31,Group4,0.799230769230769
SERTAD4,WNT,0.799230769230769
MEIS3,Group4,0.799230769230769
LONRF1,Group4,0.799230769230769
CDKN2B,Group4,0.798461538461538
FBXO6,Group4,0.797692307692308
TMEM229B,SHH,0.797692307692308
RAB36,SHH,0.797692307692308
FBXO6,Group3,0.797692307692308
SLC6A8,Group4,0.796923076923077
RPL4,SHH,0.796923076923077
SLC6A8,Group3,0.796923076923077
DCX,Group4,0.796923076923077
CXXC11,SHH,0.796533270469759
FGF13,Group4,0.796153846153846
NLK,Group3,0.796153846153846
PEX5L,Group4,0.796153846153846
PDE3B,SHH,0.796153846153846
NLK,Group4,0.796153846153846
PLCL2,Group4,0.795384615384615
IQSEC2,SHH,0.795384615384615
PCDHB8,Group4,0.795384615384615
FBXO28,Group4,0.795384615384615
RASAL1,Group4,0.795384615384615
DMGDH,Group3,0.795384615384615
NFATC1,SHH,0.795384615384615
NKX3-2,Group3,0.795384615384615
PCCA,WNT,0.795384615384615
DMGDH,Group4,0.795384615384615
MACROD2,Group3,0.795384615384615
AFF2,Group4,0.795384615384615
PPP2R3A,Group4,0.794615384615385
STAMBPL1,WNT,0.793846153846154
BCMO1,Group3,0.793846153846154
STAMBPL1,SHH,0.793846153846154
RASSF8,Group4,0.793846153846154
DCBLD2,Group4,0.793076923076923
CSMD1,SHH,0.793076923076923
CA11,WNT,0.793076923076923
SMAD9,Group3,0.793076923076923
PRKG2,Group3,0.792307692307692
ASPDH,SHH,0.791538461538462
CXXC4,Group4,0.791538461538462
WSCD1,Group3,0.791538461538462
CSPG5,Group4,0.791538461538462
ANKRD6,SHH,0.791538461538462
SLC16A14,Group4,0.790769230769231
GLI2,SHH,0.790769230769231
EPB41L4A-AS2,SHH,0.790769230769231
TAC1,Group3,0.790769230769231
ARL4D,Group3,0.790769230769231
GALNT7,WNT,0.790769230769231
CNTN2,SHH,0.79
MYO3A,SHH,0.79
SCARA3,WNT,0.79
SPIRE1,Group4,0.79
ARHGEF28,WNT,0.79
ITGA7,SHH,0.79
NCMAP,WNT,0.789382588174028
CCSER1,Group4,0.789230769230769
TMSB15A,SHH,0.789230769230769
FZD7,WNT,0.788461538461539
TPD52,Group3,0.788461538461539
XK,Group3,0.788461538461539
DNAH2,WNT,0.788461538461539
SH3GL3,Group4,0.787692307692308
HMGN5,Group3,0.787692307692308
GPR85,SHH,0.787692307692308
PDGFD,WNT,0.786923076923077
FGF9,Group4,0.786923076923077
MYT1L,Group4,0.786923076923077
PHGDH,SHH,0.786923076923077
AKT3,Group4,0.786923076923077
CLMP,SHH,0.786923076923077
PTPRN2,Group4,0.786923076923077
MTMR7,SHH,0.786923076923077
PHGDH,WNT,0.786923076923077
RASGRF2,Group3,0.786923076923077
PTPRD,WNT,0.786153846153846
RORA,WNT,0.786153846153846
SDK1,WNT,0.786153846153846
SMO,SHH,0.785384615384615
FUT8,SHH,0.785384615384615
SMO,WNT,0.785384615384615
C11orf63,Group4,0.785384615384615
SH3D19,WNT,0.785384615384615
PITX1,WNT,0.785151005099021
RBMS3,SHH,0.784615384615385
ARHGAP28,Group3,0.784615384615385
CTD-2162K18.4,Group4,0.783846153846154
PIP4K2A,Group4,0.783846153846154
ERI1,Group3,0.783846153846154
EFNB1,Group4,0.783846153846154
SYK,WNT,0.783846153846154
CDH7,SHH,0.783846153846154
SDC2,SHH,0.783076923076923
CREB3L2,WNT,0.783076923076923
TSPAN18,SHH,0.783076923076923
SLC39A8,WNT,0.782307692307692
DACT1,WNT,0.782307692307692
ABLIM3,SHH,0.782307692307692
MGP,SHH,0.781538461538462
AC007405.2,WNT,0.781538461538462
ALK,WNT,0.781538461538462
SH3PXD2A,Group4,0.781538461538462
IL13RA2,Group4,0.781538461538462
ZNRF3,WNT,0.781538461538462
HS3ST5,SHH,0.780769230769231
CDKL1,WNT,0.780769230769231
EBF1,Group4,0.78
RAI14,SHH,0.78
RAPGEF5,WNT,0.78
RAPGEF5,Group3,0.78
CNTN6,WNT,0.78
FAM126A,SHH,0.779230769230769
BTG2,SHH,0.779230769230769
FRMD4A,SHH,0.779230769230769
PEX2,Group3,0.779230769230769
ABCC9,Group4,0.779230769230769
VRK1,Group3,0.779230769230769
LMO1,Group3,0.779230769230769
BTG2,WNT,0.779230769230769
PEX2,WNT,0.779230769230769
DMRTA2,Group3,0.779230769230769
CA4,Group4,0.778461538461538
TJP1,Group4,0.778461538461538
MAP2,Group4,0.778461538461538
NXPH4,Group3,0.777692307692308
DTD2,Group3,0.777692307692308
REEP1,Group3,0.777692307692308
HAND2,WNT,0.777558994998614
FAT1,SHH,0.776923076923077
GPC6,WNT,0.776923076923077
NOVA2,Group4,0.776923076923077
NOVA2,SHH,0.776923076923077
SIK3,Group3,0.776923076923077
SIK3,Group4,0.776923076923077
PLEKHO2,WNT,0.776153846153846
PDIA2,WNT,0.776153846153846
FOXO6,SHH,0.776153846153846
TSHZ1,Group4,0.776153846153846
FOXO6,Group3,0.776153846153846
NRG2,Group4,0.776153846153846
SLC2A3,SHH,0.776153846153846
SIK1,SHH,0.775384615384615
UBE2L6,SHH,0.775384615384615
SOX4,Group4,0.775384615384615
EPHA8,Group3,0.775384615384615
DGKI,Group3,0.775384615384615
UBE2L6,Group4,0.775384615384615
TBC1D12,Group4,0.775384615384615
ABTB2,SHH,0.774615384615385
OSBPL6,Group3,0.774615384615385
LPHN2,SHH,0.773846153846154
NYAP1,SHH,0.773846153846154
ST8SIA2,WNT,0.773076923076923
EIF2B3,Group3,0.773076923076923
ZNF311,Group3,0.773076923076923
MED13L,Group4,0.773076923076923
RPL18,SHH,0.773076923076923
ISPD,SHH,0.773076923076923
ST8SIA2,Group4,0.773076923076923
CLIP4,Group3,0.772307692307692
PGAP1,Group4,0.772307692307692
SHC1,WNT,0.771538461538462
ARHGEF12,Group4,0.771538461538462
ERICH2,WNT,0.771538461538462
SLFN11,WNT,0.771538461538462
VSTM2A,WNT,0.770769230769231
TMEM51,WNT,0.770769230769231
ST8SIA5,SHH,0.770769230769231
KLHL13,Group4,0.770769230769231
LRRC16B,WNT,0.77
SLC35F2,Group3,0.77
SLC35F2,Group4,0.77
TM2D1,WNT,0.77
NBEA,Group4,0.769230769230769
LGR5,WNT,0.769230769230769
RYBP,Group4,0.769230769230769
CDH8,Group3,0.769230769230769
PBX4,SHH,0.769230769230769
SOX11,Group4,0.768461538461539
LPPR1,Group3,0.768461538461539
CRABP2,WNT,0.768461538461539
STOM,WNT,0.768461538461539
STOM,Group3,0.768461538461539
MAP3K1,SHH,0.768461538461539
DOCK10,SHH,0.768461538461539
NUP93,Group3,0.768461538461539
TRPS1,SHH,0.767692307692308
TSPAN2,Group4,0.767692307692308
RASGEF1C,SHH,0.767692307692308
CPNE9,WNT,0.767692307692308
STK33,WNT,0.766923076923077
STK33,SHH,0.766923076923077
GPRC5C,SHH,0.766923076923077
TULP1,Group3,0.766923076923077
ARAP3,SHH,0.766153846153846
CACNA1G,Group3,0.766153846153846
NABP1,SHH,0.766153846153846
SIX1,Group4,0.766153846153846
RXRG,Group3,0.766153846153846
CPLX1,SHH,0.765384615384615
C16orf95,Group4,0.765384615384615
MYOT,WNT,0.765384615384615
C5orf30,Group3,0.764615384615385
KIF26A,SHH,0.764615384615385
EDA,WNT,0.764615384615385
SYNDIG1,WNT,0.764615384615385
ABRACL,Group4,0.764615384615385
SYDE2,Group3,0.764615384615385
PLCXD3,SHH,0.764615384615385
HLTF,Group4,0.764615384615385
SYDE2,Group4,0.764615384615385
HLTF,Group3,0.764615384615385
CAMKV,Group3,0.764615384615385
KRAS,Group4,0.763846153846154
PRPH,WNT,0.763846153846154
GPR161,WNT,0.763846153846154
TMEM260,WNT,0.763846153846154
TMEM233,Group3,0.763076923076923
TMEM178B,Group4,0.763076923076923
PELI2,SHH,0.763076923076923
PELI2,Group4,0.763076923076923
CTDSPL,SHH,0.762307692307692
PPTC7,Group3,0.762307692307692
PBX1,SHH,0.762307692307692
INADL,WNT,0.762307692307692
CAMTA1,Group4,0.762307692307692
CTDSPL,WNT,0.762307692307692
TWIST2,WNT,0.762167843135043
PRLR,SHH,0.761538461538462
SIRPA,WNT,0.760769230769231
TNC,WNT,0.760769230769231
AHI1,Group4,0.760769230769231
AHI1,Group3,0.760769230769231
ERC1,Group4,0.760769230769231
TRPC7,Group3,0.760695053656171
PDE1A,SHH,0.76
C5orf38,WNT,0.76
C5orf38,SHH,0.76
SLC45A1,SHH,0.76
EPHB4,WNT,0.76
BCL2L11,SHH,0.76
EPHB4,SHH,0.76
DSCR4,WNT,0.759529250173788
CACHD1,WNT,0.759230769230769
MPP4,Group3,0.759230769230769
CDH1,Group4,0.759230769230769
TYW3,WNT,0.759230769230769
PLEKHA6,SHH,0.759230769230769
NOS1AP,Group3,0.759230769230769
KIF1A,Group4,0.758461538461539
EMC1,WNT,0.758461538461539
RGL1,WNT,0.758461538461539
KCNJ11,Group4,0.758461538461539
TCEAL2,Group4,0.758461538461539
PITPNM3,Group4,0.758461538461539
ALDH4A1,Group3,0.757692307692308
LRAT,Group3,0.757692307692308
GLRB,Group4,0.757692307692308
TCEB2,SHH,0.757692307692308
KIAA2022,Group4,0.757692307692308
LPHN3,Group4,0.756923076923077
GCLC,Group3,0.756923076923077
SFRP1,SHH,0.756923076923077
SOX6,WNT,0.756153846153846
ADAM19,WNT,0.756153846153846
KIAA1107,Group3,0.756153846153846
TCEAL6,Group4,0.756153846153846
TGDS,SHH,0.756153846153846
ATP2B3,Group3,0.755914612944428
RIMS2,Group3,0.755384615384615
ENOX1,Group4,0.755384615384615
DAAM1,SHH,0.755384615384615
CMIP,SHH,0.755384615384615
PAWR,SHH,0.754615384615385
APC2,Group4,0.754615384615385
APC2,SHH,0.754615384615385
SULT1C4,SHH,0.753846153846154
KCNA3,SHH,0.753846153846154
PABPC5,SHH,0.753846153846154
PAM,WNT,0.753846153846154
PYY,Group3,0.753221787351241
CCIN,Group3,0.753076923076923
MPST,SHH,0.753076923076923
MYO7A,SHH,0.753076923076923
MYO7A,WNT,0.753076923076923
HIP1,Group3,0.753076923076923
GRM8,Group4,0.753076923076923
TRPM3,Group4,0.752307692307692
CA10,WNT,0.752307692307692
TRPM3,WNT,0.752307692307692
SERPINH1,WNT,0.752307692307692
MTERFD1,SHH,0.752307692307692
NTN5,WNT,0.751538461538462
NOX4,SHH,0.751538461538462
NHSL2,Group4,0.751538461538462
FZD10,WNT,0.751538461538462
ABCD2,WNT,0.750769230769231
GLI3,WNT,0.750769230769231
SCG5,SHH,0.750769230769231
GLI3,SHH,0.750769230769231
TMEM91,Group4,0.750769230769231
PMP22,WNT,0.750769230769231
TMEM91,Group3,0.750769230769231
CUL1,Group3,0.750769230769231
CUL1,Group4,0.750769230769231
KRT83,WNT,0.750603148706849
SH3BGRL,SHH,0.75
HIST3H2A,SHH,0.75
DSCR8,WNT,0.749291163009122
CRY1,Group3,0.749230769230769
AKAP12,WNT,0.749230769230769
KIF21A,SHH,0.749230769230769
BTBD17,SHH,0.749230769230769
PKDCC,WNT,0.749230769230769
DGKQ,SHH,0.748461538461538
RELN,Group4,0.748461538461538
SORBS1,Group4,0.748461538461538
CHRNA5,SHH,0.748461538461538
CYFIP1,SHH,0.748461538461538
CNR1,SHH,0.748461538461538
CCNJL,WNT,0.747692307692308
NAV2,WNT,0.747692307692308
LRRTM2,Group3,0.747692307692308
DYRK2,Group3,0.747692307692308
ELAVL2,Group4,0.747692307692308
TMEM144,SHH,0.747692307692308
CHRM4,WNT,0.747692307692308
EPDR1,WNT,0.747692307692308
KIAA1586,Group4,0.746923076923077
KCTD10,Group4,0.746923076923077
CLIC6,Group3,0.746153846153846
TLE1,WNT,0.746153846153846
ITPR3,SHH,0.746153846153846
TLE1,Group4,0.746153846153846
SH3RF1,Group3,0.746153846153846
GPC1,SHH,0.746153846153846
MDFIC,SHH,0.746153846153846
GPC1,WNT,0.746153846153846
ROR1,SHH,0.745384615384615
TAL1,Group4,0.745384615384615
RPS6KA2,SHH,0.745384615384615
PRKCZ,SHH,0.745384615384615
SLC26A11,Group4,0.745384615384615
SLC30A5,WNT,0.744615384615385
PID1,SHH,0.744615384615385
PID1,WNT,0.744615384615385
PPM1E,Group3,0.744615384615385
ANXA6,WNT,0.744615384615385
SLC30A5,Group3,0.744615384615385
KLF13,SHH,0.744615384615385
RAB11FIP4,WNT,0.744615384615385
PPM1E,Group4,0.744615384615385
VSTM2L,Group3,0.744615384615385
IQSEC3,WNT,0.743846153846154
ARHGAP20,WNT,0.743846153846154
PPM1A,Group3,0.743846153846154
NEUROG1,Group4,0.743846153846154
SH3BGRL3,SHH,0.743846153846154
TRAK2,Group3,0.743846153846154
C1orf115,Group4,0.743846153846154
NEUROG1,WNT,0.743846153846154
PPM1A,Group4,0.743846153846154
AC011897.1,SHH,0.743846153846154
CD70,Group3,0.743482704381144
CA14,SHH,0.743076923076923
ADAMTS5,WNT,0.743076923076923
GCK,SHH,0.742307692307692
COL27A1,Group3,0.742307692307692
FRY,Group3,0.742307692307692
CPEB4,Group4,0.742307692307692
SEMA4C,SHH,0.742307692307692
KAZN,WNT,0.742307692307692
PDC,Group3,0.74193378208035
KCND2,SHH,0.741538461538461
MFHAS1,WNT,0.741538461538461
ILVBL,WNT,0.741538461538461
ARL4C,SHH,0.741538461538461
RP11-508N12.4,Group4,0.741538461538461
BARD1,SHH,0.741538461538461
BTN2A2,Group4,0.741538461538461
ARL4C,WNT,0.741538461538461
SLC35D3,WNT,0.741296416867131
FCHSD1,WNT,0.740769230769231
FCHSD1,SHH,0.740769230769231
AKR1E2,Group4,0.740769230769231
B3GNT8,Group4,0.740769230769231
FBXL17,Group3,0.740769230769231
ACVR2A,Group3,0.740769230769231
AKR1E2,Group3,0.740769230769231
THBS1,Group4,0.740769230769231
CRYZ,WNT,0.74
NPR2,Group4,0.74
MCF2L2,Group3,0.74
JOSD2,SHH,0.74
JOSD2,WNT,0.74
SH2B2,Group4,0.74
AACS,Group4,0.74
ZNRF2,WNT,0.739230769230769
ABCG4,Group3,0.739230769230769
LHFPL2,SHH,0.739230769230769
GYPC,SHH,0.738461538461539
LGI4,WNT,0.738461538461539
CMC1,Group4,0.738461538461539
HSPB8,Group3,0.738461538461539
HHIP,SHH,0.738461538461539
SP9,WNT,0.738218901903489
ACE,WNT,0.737692307692308
PRKCA,WNT,0.737692307692308
PCNXL2,SHH,0.737692307692308
PTPRU,Group3,0.737692307692308
PPM1L,Group4,0.736923076923077
AC016559.1,Group3,0.736923076923077
SCN3B,Group4,0.736923076923077
SIX5,WNT,0.736153846153846
EML4,Group3,0.736153846153846
GAS7,Group3,0.736153846153846
EDA2R,SHH,0.736153846153846
EML4,WNT,0.736153846153846
AC069368.3,WNT,0.735384615384615
DPM3,WNT,0.735384615384615
KANSL2,Group3,0.735384615384615
CDCA7,SHH,0.735384615384615
CDCA7,Group3,0.735384615384615
AL009178.1,SHH,0.735141386939848
HDAC4,SHH,0.734615384615385
EGFLAM,WNT,0.734615384615385
SPECC1,SHH,0.734615384615385
PLCB4,SHH,0.734615384615385
SPECC1,Group4,0.734615384615385
PLCB4,WNT,0.734615384615385
NT5DC1,SHH,0.733846153846154
RPL14,SHH,0.733846153846154
NT5DC1,Group3,0.733846153846154
INSM1,SHH,0.733846153846154
WFS1,WNT,0.733846153846154
PRKAR2B,Group4,0.733846153846154
ZDHHC13,WNT,0.733846153846154
AFF1,Group3,0.733846153846154
ZDHHC13,SHH,0.733846153846154
TFDP2,SHH,0.733846153846154
FBN3,Group3,0.733076923076923
IL17RC,WNT,0.733076923076923
S100A6,WNT,0.733076923076923
FBN3,Group4,0.733076923076923
DLC1,Group4,0.733076923076923
ATP2B4,SHH,0.733076923076923
DLG2,Group4,0.733076923076923
SNX16,Group4,0.733076923076923
IL17RC,SHH,0.733076923076923
SHISA2,WNT,0.733076923076923
ADAMTS20,WNT,0.732307692307692
NMU,SHH,0.732307692307692
KHDRBS3,SHH,0.732307692307692
MTRR,Group3,0.732307692307692
KANK1,WNT,0.732307692307692
HOXD10,WNT,0.73192040016525
CCDC8,WNT,0.731538461538462
RAB3IL1,WNT,0.731538461538462
MAGI2,Group4,0.731538461538462
C14orf39,Group3,0.731538461538462
TBC1D2B,Group4,0.731538461538462
C14orf39,Group4,0.731538461538462
TBC1D2B,SHH,0.731538461538462
NOTCH2,SHH,0.730769230769231
NOTCH2,WNT,0.730769230769231
CLCN4,WNT,0.730769230769231
SBK1,Group4,0.730769230769231
CHST1,Group4,0.730769230769231
CLCN4,Group4,0.730769230769231
C11orf70,SHH,0.730769230769231
RP11-565P22.6,Group3,0.730769230769231
COL25A1,SHH,0.73
SVEP1,WNT,0.73
SYT7,SHH,0.73
PLEKHG4B,SHH,0.73
ATP6V0A2,Group4,0.729230769230769
RADIL,Group4,0.729230769230769
ESRRB,SHH,0.729230769230769
CIRH1A,Group4,0.729230769230769
EPHA7,WNT,0.728461538461538
F3,SHH,0.728461538461538
NLRP11,WNT,0.728461538461538
PGBD5,SHH,0.728461538461538
RGN,WNT,0.728461538461538
ASCL5,WNT,0.727692307692308
ATP8A2,WNT,0.727692307692308
IGFBP5,SHH,0.727692307692308
C1orf95,WNT,0.727692307692308
THBS3,SHH,0.727692307692308
THBS3,WNT,0.727692307692308
LRRC53,WNT,0.727447599530744
TBX18,SHH,0.726923076923077
LRRC2,Group3,0.726923076923077
IRX2,WNT,0.726923076923077
TMEM155,Group4,0.726923076923077
AP5M1,Group4,0.726923076923077
ESPNL,WNT,0.726923076923077
C6orf123,SHH,0.726923076923077
PER2,Group4,0.726923076923077
ZDHHC2,WNT,0.726153846153846
HRASLS,Group4,0.726153846153846
GALNT15,WNT,0.726153846153846
FAM180B,Group3,0.726153846153846
GRIA2,Group4,0.726153846153846
KALRN,Group4,0.726153846153846
EP400,SHH,0.726153846153846
ERLIN1,Group3,0.726153846153846
KCNC4,Group3,0.725384615384615
C16orf89,SHH,0.725384615384615
TTLL5,Group3,0.725384615384615
ADAM11,WNT,0.725384615384615
TWF2,SHH,0.724615384615385
CELF4,Group4,0.724615384615385
DYRK4,WNT,0.724615384615385
MRPL32,WNT,0.724615384615385
SYCE1L,SHH,0.724615384615385
HAPLN3,SHH,0.724615384615385
ACSL6,WNT,0.724615384615385
SMAD7,Group3,0.723846153846154
DACH1,Group4,0.723846153846154
SMAD7,Group4,0.723846153846154
PRKACB,Group4,0.723846153846154
MID2,Group4,0.723846153846154
NPM1,SHH,0.723076923076923
C1orf204,Group4,0.723076923076923
TNIK,Group4,0.723076923076923
AK5,WNT,0.722307692307692
ABCC8,WNT,0.722307692307692
PRELID2,WNT,0.722307692307692
CHN2,Group4,0.722307692307692
TSPAN11,WNT,0.722307692307692
ABCC8,Group4,0.722307692307692
FAM84A,SHH,0.722307692307692
EXT1,WNT,0.722307692307692
SLC8A2,SHH,0.721538461538462
DPYSL3,Group4,0.721538461538462
FHL2,SHH,0.721538461538462
NPY1R,Group4,0.721538461538462
RSPO2,Group4,0.721538461538462
SEL1L3,WNT,0.721538461538462
LMO2,WNT,0.721538461538462
NANOS1,Group3,0.721538461538462
NTS,SHH,0.721388622312235
AKNA,Group3,0.720769230769231
COL13A1,WNT,0.720769230769231
ZNF736,Group3,0.720769230769231
OPHN1,SHH,0.720769230769231
WNT11,WNT,0.720769230769231
EIF4E,Group4,0.720769230769231
PPM1H,SHH,0.72
BCOR,Group3,0.72
GSPT2,Group4,0.72
FGFBP2,Group3,0.72
WNT5A,SHH,0.719230769230769
FAM213B,SHH,0.719230769230769
MAPKAPK5,Group3,0.719230769230769
PHYHIPL,Group3,0.719230769230769
PKP4,WNT,0.718461538461538
DPYSL5,Group4,0.718461538461538
IGDCC3,Group3,0.718461538461538
PALD1,WNT,0.718461538461538
IGDCC3,Group4,0.718461538461538
FGF5,SHH,0.717692307692308
RGS9,SHH,0.717692307692308
ARHGEF10,SHH,0.717692307692308
NHS,WNT,0.717692307692308
MAP3K13,Group4,0.717692307692308
ARHGEF10,WNT,0.717692307692308
ABCB9,SHH,0.717692307692308
MAP3K13,Group3,0.717692307692308
BEGAIN,Group4,0.716923076923077
IFFO2,Group4,0.716923076923077
RHOU,WNT,0.716153846153846
TCF4,SHH,0.716153846153846
DLX3,WNT,0.716153846153846
PLA2G16,WNT,0.716153846153846
SDSL,Group4,0.715384615384615
PRKX,Group4,0.715384615384615
ART3,Group3,0.715384615384615
TMEM167A,Group4,0.715384615384615
YIPF5,Group3,0.715384615384615
EYA1,SHH,0.715384615384615
RAVER2,WNT,0.715384615384615
FBXO16,SHH,0.714615384615385
ZNF385B,WNT,0.714615384615385
FBXO16,Group3,0.714615384615385
LRP5L,SHH,0.714615384615385
ZNF385B,Group3,0.714615384615385
GPR21,Group4,0.714615384615385
TMEM38B,WNT,0.714615384615385
TMEM38B,Group3,0.714615384615385
CTD-3214H19.16,Group3,0.714615384615385
MSRB2,Group4,0.713846153846154
NECAB1,WNT,0.713846153846154
C7orf73,Group3,0.713846153846154
MSX2,WNT,0.713846153846154
COL21A1,SHH,0.713846153846154
DDX55,Group3,0.713846153846154
BNC1,SHH,0.713846153846154
RGS7BP,Group4,0.713846153846154
KCNH7,Group4,0.713076923076923
SPATS2L,Group3,0.713076923076923
RPL7,SHH,0.713076923076923
MYO10,Group4,0.713076923076923
KCTD1,Group4,0.713076923076923
GTF3C4,Group4,0.712307692307692
MARS,Group3,0.712307692307692
ADCYAP1R1,Group4,0.711538461538462
ADCYAP1R1,WNT,0.711538461538462
GMPS,SHH,0.711538461538462
CNKSR2,SHH,0.711538461538462
CERS1,Group4,0.711538461538462
PHF17,Group4,0.711538461538462
YAP1,WNT,0.711538461538462
KREMEN1,WNT,0.711538461538462
TTBK1,SHH,0.711538461538462
LRP4,WNT,0.711538461538462
SERINC5,WNT,0.710769230769231
PDZRN3,WNT,0.710769230769231
SLC43A2,Group3,0.710769230769231
TBCB,SHH,0.710769230769231
MAP10,Group4,0.710769230769231
LARP1B,Group4,0.710769230769231
PTPRF,Group3,0.710769230769231
MAP10,Group3,0.710769230769231
KCNG4,WNT,0.710180874914072
TBC1D9,Group3,0.71
TBC1D9,Group4,0.71
TLE2,Group3,0.71
DLG3,Group4,0.71
ZNF154,Group3,0.71
ARHGAP24,WNT,0.71
PPP1R21,Group4,0.71
TLE2,Group4,0.71
SEC61B,WNT,0.709230769230769
HSCB,WNT,0.709230769230769
HSCB,SHH,0.709230769230769
NTNG2,SHH,0.709230769230769
ITGA8,WNT,0.709230769230769
GNAZ,Group4,0.709230769230769
TMEM64,WNT,0.708461538461538
ADAMTS1,WNT,0.708461538461538
TMEM64,Group3,0.708461538461538
DDC,WNT,0.70782844163753
MC4R,Group3,0.70782844163753
OPRM1,SHH,0.707692307692308
GABRA2,SHH,0.707692307692308
PPM1D,Group4,0.707692307692308
PRIMA1,SHH,0.707692307692308
PPM1D,Group3,0.707692307692308
C11orf96,Group3,0.706923076923077
KIAA0922,SHH,0.706923076923077
CADPS,Group4,0.706923076923077
DAPK2,Group4,0.706923076923077
SLC7A14,Group4,0.706923076923077
FAM183A,Group3,0.706153846153846
NLN,Group3,0.706153846153846
PROX1,SHH,0.706153846153846
TENM2,WNT,0.706153846153846
COL12A1,WNT,0.706153846153846
TRAF3IP2,Group3,0.706153846153846
LURAP1L,WNT,0.706153846153846
FGF18,WNT,0.706153846153846
MID1,WNT,0.705384615384615
IGSF11,WNT,0.705384615384615
CLIP1,Group4,0.705384615384615
LRRC3,Group3,0.705384615384615
ALS2,Group4,0.705384615384615
GDF1,Group4,0.705384615384615
KIAA1755,WNT,0.705384615384615
TGFB1I1,WNT,0.705384615384615
TGFB1I1,SHH,0.705384615384615
KIAA1755,SHH,0.705384615384615
PHF21B,WNT,0.704615384615385
NAV3,WNT,0.704615384615385
NGF,WNT,0.703846153846154
GOLGA7B,WNT,0.703846153846154
RTTN,WNT,0.703846153846154
TPO,WNT,0.70376961554351
RNF144A,Group4,0.703076923076923
TRIP10,Group3,0.703076923076923
NTPCR,WNT,0.702307692307692
ASS1,Group3,0.702307692307692
H3F3C,Group4,0.702307692307692
DIRC2,Group4,0.702307692307692
MAN1C1,WNT,0.702307692307692
PFDN5,SHH,0.702307692307692
SLC35G1,Group4,0.702307692307692
TST,WNT,0.702307692307692
MRS2,Group4,0.701538461538462
MRS2,Group3,0.701538461538462
GNA12,Group4,0.701538461538462
TMEM132E,Group4,0.701538461538462
ETV1,Group3,0.701538461538462
SLC16A7,Group4,0.701538461538462
IGF2BP1,Group3,0.701350049470228
NNAT,Group4,0.700769230769231
DOCK9,Group3,0.700769230769231
MATN4,WNT,0.700769230769231
LPGAT1,Group3,0.700769230769231
KCNIP1,WNT,0.700769230769231
TRIB2,WNT,0.700769230769231
NLRP1,SHH,0.7
SLC44A3,SHH,0.7
SNX21,WNT,0.7
NENF,WNT,0.7
POLR1D,SHH,0.7
TLR9,SHH,0.7
CHGA,Group3,0.699230769230769
FGD4,Group3,0.699230769230769
ANKRD37,Group3,0.699230769230769
FGD4,Group4,0.699230769230769
MAML2,WNT,0.699230769230769
PSMG1,WNT,0.698461538461539
SMARCD2,WNT,0.698461538461539
SCHIP1,WNT,0.698461538461539
SCHIP1,SHH,0.698461538461539
GLT1D1,Group3,0.698461538461539
RCN1,WNT,0.698461538461539
GNG3,SHH,0.698461538461539
GLT1D1,Group4,0.698461538461539
CACNB3,Group4,0.698461538461539
CASZ1,Group3,0.698461538461539
PDZK1,WNT,0.697692307692308
ST8SIA1,SHH,0.697692307692308
CRIP2,SHH,0.697692307692308
COL6A3,WNT,0.697692307692308
IRX5,WNT,0.696923076923077
RCBTB2,WNT,0.696923076923077
ZNF43,SHH,0.696923076923077
ECEL1,WNT,0.696923076923077
CELF2,Group4,0.696923076923077
RCBTB2,SHH,0.696923076923077
ITGA6,WNT,0.696923076923077
CELF2,SHH,0.696923076923077
SHROOM3,Group3,0.696153846153846
LINC00632,SHH,0.696153846153846
SPAG6,Group3,0.696153846153846
ACTR3B,SHH,0.696153846153846
SCRN1,Group4,0.696153846153846
GRM2,Group3,0.695384615384615
FBXL16,SHH,0.695384615384615
FAM198B,SHH,0.695384615384615
GRM2,Group4,0.695384615384615
CALHM2,WNT,0.695384615384615
PMEPA1,Group3,0.695384615384615
HMG20B,SHH,0.694615384615385
PBX3,SHH,0.694615384615385
HMG20B,WNT,0.694615384615385
TANGO6,Group4,0.694615384615385
FAM149A,Group3,0.694615384615385
AC004017.1,Group4,0.694615384615385
TANGO6,Group3,0.694615384615385
FZD2,WNT,0.694615384615385
RAB11FIP2,WNT,0.694615384615385
HCFC2,Group4,0.693846153846154
HCFC2,Group3,0.693846153846154
GCNT4,Group4,0.693846153846154
SIL1,WNT,0.693846153846154
LRRC7,Group4,0.693846153846154
PDE11A,WNT,0.693846153846154
NPS,WNT,0.693664745324878
CELF6,WNT,0.693076923076923
MYCBP2,Group4,0.693076923076923
MDFI,SHH,0.693076923076923
TNFRSF18,SHH,0.692840851949523
CLDN4,SHH,0.692307692307692
VSTM4,SHH,0.692307692307692
SLC25A21-AS1,WNT,0.692307692307692
PPARGC1B,SHH,0.692307692307692
LDLRAP1,WNT,0.692307692307692
OAS3,Group4,0.692307692307692
SNTB2,Group4,0.691538461538462
B4GALNT1,Group4,0.691538461538462
SNTB2,Group3,0.691538461538462
RARB,SHH,0.691538461538462
PAFAH1B1,Group4,0.691538461538462
MAPK4,WNT,0.691538461538462
B4GALNT1,SHH,0.691538461538462
MAPKAPK2,SHH,0.691538461538462
DEGS1,Group4,0.690769230769231
DLEU7,Group3,0.690769230769231
NIPAL3,Group4,0.690769230769231
TANC2,Group4,0.690769230769231
GINS4,SHH,0.690769230769231
DEGS1,Group3,0.690769230769231
CACNG4,SHH,0.690769230769231
GPR153,Group4,0.690769230769231
GPR153,Group3,0.690769230769231
BLCAP,Group4,0.69
B9D2,Group3,0.69
CCDC177,Group3,0.689230769230769
PCSK1N,Group4,0.689230769230769
PCSK1N,WNT,0.689230769230769
CRTC3,Group4,0.689230769230769
FIBCD1,Group4,0.689230769230769
C1QTNF4,Group3,0.689230769230769
RNF215,WNT,0.688461538461538
CUBN,WNT,0.688461538461538
ERO1LB,WNT,0.688461538461538
ERP44,WNT,0.687692307692308
EXOC3L1,SHH,0.687692307692308
TMEM108,Group4,0.687692307692308
HINT3,Group4,0.687692307692308
TENM3,WNT,0.687692307692308
GUCA1C,Group3,0.687367856034893
ATP6V1B2,Group3,0.686923076923077
RP11-176H8.1,Group3,0.686923076923077
ZFP36L1,SHH,0.686923076923077
CRISPLD2,SHH,0.686923076923077
ZFP36L1,WNT,0.686923076923077
SDCCAG8,Group4,0.686923076923077
FBN2,Group4,0.686923076923077
PHACTR2,Group4,0.686153846153846
TUBB2A,Group4,0.686153846153846
TMEFF2,WNT,0.686153846153846
KLHL42,WNT,0.686153846153846
TMEM57,Group3,0.685384615384615
FAXDC2,SHH,0.685384615384615
TMTC4,Group4,0.685384615384615
DDR2,WNT,0.685384615384615
TMEM57,Group4,0.685384615384615
VLDLR,WNT,0.684615384615385
SNAPC1,SHH,0.684615384615385
TMEM121,SHH,0.684615384615385
CRB1,SHH,0.684615384615385
ZNF491,Group3,0.684615384615385
CALR,Group3,0.684615384615385
LSM6,SHH,0.684615384615385
CALR,WNT,0.684615384615385
GNA11,Group4,0.683846153846154
MAGEC3,WNT,0.683846153846154
FAM161B,Group4,0.683846153846154
AIFM1,SHH,0.683846153846154
DYNC1I1,Group4,0.683846153846154
TTLL1,SHH,0.683846153846154
FBXO17,WNT,0.683846153846154
TRMT11,Group4,0.683846153846154
ARHGAP5,WNT,0.683846153846154
CD226,WNT,0.683076923076923
PGRMC2,Group4,0.683076923076923
NFE2L3,Group4,0.683076923076923
SNRK,Group4,0.683076923076923
FLJ30594,Group4,0.683076923076923
OSBPL3,WNT,0.683076923076923
RNF183,WNT,0.682852905308376
CLU,WNT,0.682307692307692
PHACTR1,Group4,0.682307692307692
NOL4,Group4,0.682307692307692
KRT31,SHH,0.681874560837712
MPG,SHH,0.681538461538462
CDC14A,WNT,0.681538461538462
PIRT,SHH,0.681538461538462
MAPK13,Group3,0.681538461538462
STIM2,WNT,0.681538461538462
SPRYD7,Group3,0.681538461538462
MAPK13,Group4,0.681538461538462
NDUFS4,SHH,0.681538461538462
SPRYD7,Group4,0.681538461538462
SYT11,WNT,0.680769230769231
IFT43,Group3,0.680769230769231
ADAMTS14,SHH,0.680769230769231
SYT11,SHH,0.680769230769231
SACS,SHH,0.680769230769231
CAMK2D,Group3,0.680769230769231
TAOK3,Group4,0.680769230769231
CTDSP1,SHH,0.68
KDM1B,Group3,0.68
KDM1B,Group4,0.68
CTDSP1,WNT,0.68
ZNF93,SHH,0.68
GAD1,WNT,0.68
H2AFZ,SHH,0.679230769230769
JTB,WNT,0.679230769230769
TARS2,Group3,0.679230769230769
JTB,Group3,0.679230769230769
RFX3,Group4,0.679230769230769
MRM1,Group4,0.679230769230769
FBLIM1,Group4,0.679230769230769
GTDC1,Group4,0.678461538461538
GJA3,WNT,0.678427967747794
RND3,SHH,0.677692307692308
SIPA1L2,WNT,0.677692307692308
PDRG1,SHH,0.677692307692308
POLE4,WNT,0.676923076923077
EEF1G,SHH,0.676923076923077
TTC6,WNT,0.676923076923077
EEF1G,WNT,0.676923076923077
POLE4,Group3,0.676923076923077
GRID1,SHH,0.676923076923077
C3orf70,Group4,0.676923076923077
FAM13C,WNT,0.676923076923077
PRUNE,Group3,0.676153846153846
ZNF804B,WNT,0.676153846153846
SUMF1,WNT,0.676153846153846
PRUNE,Group4,0.676153846153846
A4GALT,SHH,0.676153846153846
ANKRD50,Group4,0.676153846153846
PRDM13,SHH,0.675916476247682
KIRREL3,WNT,0.675384615384615
CCSER2,WNT,0.675384615384615
CCSER2,SHH,0.675384615384615
COL5A1,WNT,0.675384615384615
PTGS1,WNT,0.675384615384615
RIN1,WNT,0.675384615384615
TLX3,SHH,0.675330123146206
ALX4,WNT,0.674615384615385
LYRM9,Group4,0.674615384615385
GTF3A,SHH,0.674615384615385
STK3,SHH,0.674615384615385
TEF,WNT,0.674615384615385
TAP1,Group3,0.674615384615385
ADCY5,Group4,0.674615384615385
FAM181B,Group4,0.674615384615385
MPP1,WNT,0.674615384615385
STK3,WNT,0.674615384615385
MBOAT2,Group3,0.674615384615385
SSBP3,Group3,0.674615384615385
CCDC36,WNT,0.673846153846154
RASSF9,SHH,0.673846153846154
SMOC2,SHH,0.673846153846154
NPEPPS,Group4,0.673846153846154
GRHPR,SHH,0.673846153846154
RPS6KA6,SHH,0.673846153846154
NPEPPS,Group3,0.673846153846154
MYO5B,WNT,0.673846153846154
SYNE2,Group4,0.673846153846154
TRAF3,Group4,0.673076923076923
SYT9,WNT,0.673076923076923
FOCAD,Group3,0.673076923076923
FOCAD,Group4,0.673076923076923
ING1,SHH,0.673076923076923
TCP10L,SHH,0.673076923076923
FAM155B,SHH,0.673076923076923
PVRL1,Group3,0.673076923076923
CLIP3,Group4,0.673076923076923
PNMA1,Group4,0.67282544955987
GNGT1,Group3,0.672437019555653
PPFIBP2,WNT,0.672307692307692
TFF3,SHH,0.672307692307692
TFF3,WNT,0.672307692307692
VIM,WNT,0.671538461538462
VPS13A,Group3,0.671538461538462
PPP1R16B,WNT,0.671538461538462
SGK223,Group4,0.671538461538462
NCOA7,Group4,0.671538461538462
BOC,SHH,0.671538461538462
ISL2,Group3,0.671285803222205
STX3,Group3,0.670769230769231
NRN1,Group4,0.670769230769231
SOX9,WNT,0.670769230769231
PRDM1,WNT,0.670769230769231
ACCS,WNT,0.670769230769231
LYRM5,Group3,0.670769230769231
CNTNAP5,Group3,0.670769230769231
STX3,WNT,0.670769230769231
SOX9,SHH,0.670769230769231
APC,Group4,0.670769230769231
LYRM5,Group4,0.670769230769231
MICAL1,SHH,0.670769230769231
MMAB,WNT,0.67
DNAJB2,Group3,0.67
UGCG,Group3,0.67
RPIA,SHH,0.67
FOXD1,WNT,0.67
MMAB,Group3,0.67
RALGPS1,Group4,0.67
TMEM255A,Group4,0.67
SYT13,Group4,0.669230769230769
PROM1,Group3,0.669230769230769
RPL22L1,SHH,0.668461538461539
KCTD16,WNT,0.668461538461539
MEGF11,WNT,0.668461538461539
OBSL1,WNT,0.668461538461539
NUP205,Group3,0.668461538461539
PLCB1,WNT,0.668461538461539
CEP112,WNT,0.668461538461539
LRRC39,Group3,0.668461538461539
CCDC181,WNT,0.667692307692308
HEATR6,Group3,0.667692307692308
HEATR6,Group4,0.667692307692308
MAML3,Group4,0.667692307692308
ASXL3,Group4,0.667692307692308
BMP5,SHH,0.667692307692308
TACR3,Group3,0.667692307692308
SYNPR,Group4,0.667692307692308
TRIM46,SHH,0.666923076923077
TRIM67,Group4,0.666923076923077
PDE9A,Group4,0.666923076923077
HDHD3,Group4,0.666153846153846
ALCAM,WNT,0.666153846153846
CDC42EP3,WNT,0.666153846153846
HDHD3,Group3,0.666153846153846
FAM179A,WNT,0.666153846153846
INPP4B,SHH,0.666153846153846
SPATA20,Group3,0.665384615384615
KCNG1,SHH,0.665384615384615
SLC35F3,Group3,0.665384615384615
C7orf13,Group4,0.665384615384615
SPATC1L,SHH,0.665384615384615
SLMO1,Group3,0.665384615384615
SUDS3,Group4,0.665384615384615
SPATA20,Group4,0.665384615384615
SLMO1,Group4,0.665384615384615
AKR1C2,Group4,0.664615384615385
HRK,SHH,0.664615384615385
DNTT,SHH,0.66441577950734
TBX15,SHH,0.663846153846154
FAM110D,SHH,0.663846153846154
RTN4RL1,Group3,0.663846153846154
ZNF765,SHH,0.663846153846154
OLFM1,WNT,0.663846153846154
HTRA3,WNT,0.663076923076923
ZNF433,Group3,0.663076923076923
GAS1,SHH,0.663076923076923
MMP28,WNT,0.663076923076923
LZTFL1,WNT,0.663076923076923
MYLIP,Group3,0.663076923076923
FGFR2,WNT,0.663076923076923
GPR173,SHH,0.662307692307692
GPR173,WNT,0.662307692307692
TGFB2,SHH,0.662307692307692
CLDN11,WNT,0.662307692307692
SYT4,Group4,0.662307692307692
TSPAN9,WNT,0.661538461538462
TUBB3,Group4,0.661538461538462
TUBB3,SHH,0.661538461538462
CYYR1,SHH,0.660769230769231
MAGI3,Group4,0.660769230769231
JAZF1,Group3,0.660769230769231
FAM196A,WNT,0.660769230769231
TMEM215,WNT,0.660126959701088
HOXD13,WNT,0.660052526050114
SFMBT2,WNT,0.66
FH,Group3,0.66
CNTN5,WNT,0.66
FH,Group4,0.66
DNASE2,WNT,0.66
RSRC1,WNT,0.66
ASB8,Group3,0.66
GLCCI1,Group3,0.66
ASB8,Group4,0.66
PRKAG2,SHH,0.659230769230769
KCNQ3,Group3,0.659230769230769
SBP1,Group4,0.659230769230769
CDH24,Group3,0.658461538461538
PGM2,SHH,0.658461538461538
SLC12A2,WNT,0.658461538461538
PGM2,WNT,0.658461538461538
ALDH1L2,SHH,0.658461538461538
TCEAL7,SHH,0.658461538461538
CDH24,Group4,0.658461538461538
DRAM2,SHH,0.657692307692308
RAB26,SHH,0.657692307692308
ZADH2,Group3,0.657692307692308
MMD2,Group4,0.657692307692308
CCBE1,WNT,0.657692307692308
MSRA,Group4,0.656923076923077
PAK3,SHH,0.656923076923077
SPATA13,Group4,0.656923076923077
KCNH8,Group4,0.656923076923077
LSM11,Group3,0.656923076923077
PAK3,Group4,0.656923076923077
LSM11,Group4,0.656923076923077
METRN,SHH,0.656923076923077
ASUN,Group3,0.656923076923077
AC005358.1,SHH,0.656923076923077
PTGFRN,WNT,0.656153846153846
MARVELD1,WNT,0.656153846153846
PCDH1,WNT,0.655384615384615
ARHGAP11B,SHH,0.655384615384615
FAM111B,SHH,0.655384615384615
TMPRSS9,WNT,0.655384615384615
RBM23,Group3,0.655384615384615
AHCY,WNT,0.655384615384615
BRAP,Group4,0.654615384615385
SUCLG2,WNT,0.654615384615385
IFI27L2,WNT,0.654615384615385
SUCLG2,SHH,0.654615384615385
TBC1D30,WNT,0.653846153846154
FLNB,SHH,0.653846153846154
PPAPDC1A,Group4,0.653846153846154
MAP3K4,Group3,0.653076923076923
DIAPH2,SHH,0.653076923076923
PIEZO2,WNT,0.653076923076923
TF,WNT,0.653076923076923
AMN1,Group3,0.653076923076923
CRB2,WNT,0.653076923076923
WBP11,Group3,0.653076923076923
AMN1,Group4,0.653076923076923
B4GALT5,SHH,0.653076923076923
USP49,Group3,0.652307692307692
SEPTIN11,SHH,0.652307692307692
IRF8,WNT,0.652307692307692
TBX2,WNT,0.652307692307692
SELENBP1,WNT,0.652307692307692
PLTP,WNT,0.652307692307692
KCNK12,SHH,0.652307692307692
GABRD,WNT,0.652307692307692
SLC31A1,Group4,0.652307692307692
IQCJ-SCHIP1,SHH,0.652307692307692
NAPB,Group3,0.652307692307692
CTNNA1,WNT,0.652307692307692
NAPB,Group4,0.652307692307692
GRIA4,SHH,0.652307692307692
IQCJ-SCHIP1,WNT,0.652307692307692
KLHDC10,Group4,0.651538461538462
CHSY1,SHH,0.651538461538462
BCL11B,Group3,0.651538461538462
ALG2,WNT,0.651538461538462
MKLN1,Group4,0.651538461538462
EMB,WNT,0.651538461538462
LGALSL,WNT,0.651538461538462
DCUN1D3,WNT,0.651538461538462
WNT16,WNT,0.651538461538462
ADK,SHH,0.651538461538462
TMEM123,WNT,0.650769230769231
REL,Group3,0.650769230769231
FBXO4,WNT,0.650769230769231
TMEM123,SHH,0.650769230769231
PHTF2,Group4,0.650769230769231
ST5,Group3,0.650769230769231
RPA4,SHH,0.650125036069253
NOTCH1,SHH,0.65
SHOX2,WNT,0.65
ARHGAP18,Group3,0.65
POU2F1,Group4,0.65
STK32C,Group4,0.649230769230769
MFSD11,Group3,0.649230769230769
CACNA1S,WNT,0.649230769230769
MFSD11,Group4,0.649230769230769
MYL7,SHH,0.648970967957888
HPCAL1,WNT,0.648461538461539
MMP2,WNT,0.648461538461539
L3MBTL3,Group4,0.648461538461539
BSG,Group3,0.648461538461539
ZFHX3,WNT,0.648461538461539
FAM101A,Group4,0.648461538461539
SUSD1,WNT,0.648461538461539
BSG,WNT,0.648461538461539
HPCAL1,Group4,0.648461538461539
CNGB3,Group3,0.64822398288231
MEGF6,WNT,0.647692307692308
MYRIP,Group4,0.647692307692308
DNAJB6,Group4,0.647692307692308
MSH3,Group3,0.647692307692308
NUDT16,WNT,0.647692307692308
CPQ,SHH,0.647692307692308
MYRIP,Group3,0.647692307692308
XKR9,Group3,0.647692307692308
TSPAN5,WNT,0.647692307692308
SOX7,WNT,0.647692307692308
SLC13A4,Group3,0.647692307692308
CACNG5,WNT,0.646923076923077
CCPG1,Group3,0.646923076923077
CAV1,Group3,0.646923076923077
E2F7,WNT,0.646923076923077
MOBP,WNT,0.646923076923077
HMGA1,Group3,0.646923076923077
HSPA12A,SHH,0.646923076923077
MOBP,Group4,0.646923076923077
KRT222,Group4,0.646651461819555
UBE2J1,Group4,0.646153846153846
PVRL3,SHH,0.646153846153846
RASL10B,WNT,0.646153846153846
NISCH,Group3,0.646153846153846
UBE2J1,Group3,0.646153846153846
SMIM19,WNT,0.646153846153846
NANOS3,Group4,0.646153846153846
NDUFAF2,Group3,0.646153846153846
ZNF649,Group3,0.646153846153846
MMS22L,SHH,0.645384615384615
LACTB2,Group3,0.645384615384615
PODN,SHH,0.645384615384615
COL5A2,SHH,0.644615384615385
QSOX1,SHH,0.644615384615385
ATP2A3,SHH,0.644615384615385
TMEM261,WNT,0.643846153846154
TMEM2,WNT,0.643846153846154
ESR2,SHH,0.643846153846154
CPEB2,Group4,0.643846153846154
DIRAS2,Group3,0.643846153846154
MAF,WNT,0.643076923076923
SLC41A2,SHH,0.643076923076923
STAU2,Group3,0.643076923076923
PLEKHH2,WNT,0.643076923076923
SMPD3,Group4,0.643076923076923
TMEM132D,Group3,0.642307692307692
COX4I1,SHH,0.642307692307692
HHIPL2,WNT,0.642307692307692
CRYL1,WNT,0.641538461538462
DAPK1,Group4,0.641538461538462
ENHO,Group4,0.641538461538462
AUTS2,WNT,0.641538461538462
AASS,SHH,0.640769230769231
CALCB,SHH,0.640769230769231
ZNF286A,SHH,0.640769230769231
PIEZO1,Group3,0.640769230769231
SYNGR3,SHH,0.640769230769231
BAMBI,WNT,0.640769230769231
PIEZO1,Group4,0.640769230769231
UCHL3,Group3,0.640769230769231
ENAH,Group3,0.64
C10orf85,Group4,0.64
SH2D3C,SHH,0.64
SOCS6,WNT,0.64
NRG3,SHH,0.64
ST3GAL4,WNT,0.64
SLIT3,Group4,0.64
PRRT3,WNT,0.64
SSR2,SHH,0.639230769230769
MYOCD,SHH,0.639230769230769
SSR2,WNT,0.639230769230769
ATCAY,SHH,0.639230769230769
ALPL,WNT,0.639230769230769
ATCAY,Group4,0.639230769230769
SPTAN1,Group4,0.638461538461539
SLC35B4,Group3,0.638461538461539
PRKRIP1,Group4,0.638461538461539
FAM184A,Group3,0.638461538461539
PKP2,WNT,0.638461538461539
NKD1,WNT,0.637692307692308
SCMH1,Group3,0.637692307692308
SCMH1,Group4,0.637692307692308
SEMA6D,WNT,0.637692307692308
SLC15A4,Group3,0.636923076923077
RGS16,Group3,0.636923076923077
ARHGAP11A,SHH,0.636923076923077
MPC1,Group3,0.636153846153846
MPC1,Group4,0.636153846153846
CHD3,Group4,0.636153846153846
IGSF3,Group4,0.636153846153846
COL2A1,WNT,0.636153846153846
SCUBE1,WNT,0.636153846153846
LRRC10B,WNT,0.636153846153846
CHD3,Group3,0.636153846153846
BHLHE40,WNT,0.636153846153846
TRIM9,Group4,0.636153846153846
GNG11,WNT,0.636153846153846
SPPL3,Group4,0.636153846153846
MCCC1,SHH,0.635384615384615
RGMB,SHH,0.635384615384615
RNF212,WNT,0.635384615384615
PTDSS1,Group3,0.635384615384615
APBA1,Group4,0.634615384615385
FUCA2,WNT,0.634615384615385
UNC13C,SHH,0.634615384615385
RCOR1,Group3,0.634615384615385
AMER2,Group4,0.634615384615385
FUT9,SHH,0.633846153846154
JPH3,Group4,0.633846153846154
AP3S2,WNT,0.633846153846154
SPSB4,SHH,0.633846153846154
TEX9,SHH,0.633846153846154
SPHK1,SHH,0.633076923076923
MTFR1,Group3,0.633076923076923
RGAG4,Group4,0.633076923076923
ANXA5,SHH,0.633076923076923
RASAL2,Group3,0.633076923076923
ITGBL1,SHH,0.633076923076923
RASAL2,Group4,0.633076923076923
ANXA5,WNT,0.633076923076923
ALDH5A1,Group4,0.632307692307692
SHISA4,WNT,0.632307692307692
SMIM11,Group4,0.632307692307692
SMIM11,Group3,0.632307692307692
ALDH5A1,Group3,0.632307692307692
EPAS1,Group4,0.632307692307692
TMEM18,SHH,0.631538461538462
KIAA1598,Group4,0.631538461538462
PGM5,WNT,0.631538461538462
HOXD9,WNT,0.631185837573576
COMMD3-BMI1,Group4,0.630769230769231
GRB10,WNT,0.630769230769231
FOSL2,Group4,0.630769230769231
CLGN,Group3,0.63
LPIN1,WNT,0.63
KIAA0930,Group4,0.63
CYB5R2,WNT,0.63
CLGN,Group4,0.63
TET1,Group4,0.63
RP11-680G10.1,SHH,0.63
PREX1,SHH,0.63
PHLDB2,WNT,0.629230769230769
CCDC120,Group4,0.629230769230769
PDE7A,SHH,0.629230769230769
RNASEH2B,Group3,0.629230769230769
FAM135B,Group3,0.629230769230769
ANXA2,WNT,0.628461538461538
AJUBA,SHH,0.628461538461538
HSPB2,WNT,0.628461538461538
AJUBA,WNT,0.628461538461538
IL1RAPL1,WNT,0.628461538461538
HIST3H2BB,SHH,0.628461538461538
RBFOX2,Group4,0.628461538461538
HSPB2,SHH,0.628461538461538
KLHL5,Group4,0.628461538461538
BTD,WNT,0.628461538461538
HOXA13,WNT,0.628341454728914
LRRC3B,WNT,0.627692307692308
TCF12,SHH,0.627692307692308
CEP170,Group4,0.627692307692308
PACSIN3,WNT,0.627692307692308
LGALS3,SHH,0.627692307692308
LRRC18,SHH,0.626976115652781
SLC35D2,SHH,0.626923076923077
WEE1,SHH,0.626923076923077
TMEM161B,Group4,0.626923076923077
TSC22D2,WNT,0.626923076923077
SWI5,WNT,0.626923076923077
FAM211A,WNT,0.626923076923077
ELOVL5,Group4,0.626923076923077
WWC1,Group3,0.626923076923077
DLGAP2,Group3,0.626923076923077
JPH1,WNT,0.626923076923077
TMEM206,WNT,0.626923076923077
MZT2A,SHH,0.626153846153846
GREM2,Group4,0.626153846153846
INSIG2,WNT,0.626153846153846
EFHC1,Group3,0.626153846153846
DLX4,WNT,0.626151840095995
AMHR2,WNT,0.625963974713977
ADORA1,WNT,0.625384615384615
PTPN14,WNT,0.625384615384615
ZBTB9,Group3,0.625384615384615
C1orf61,Group4,0.624615384615385
LYRM2,Group3,0.624615384615385
PTN,WNT,0.624615384615385
RAB20,SHH,0.624615384615385
NTM,WNT,0.624615384615385
LYRM2,Group4,0.624615384615385
ADCY8,SHH,0.624615384615385
IRX6,Group3,0.624326589923404
C7,Group3,0.623846153846154
PRICKLE1,WNT,0.623846153846154
COL23A1,WNT,0.623846153846154
GLB1L2,Group3,0.623076923076923
MB21D2,Group4,0.623076923076923
FJX1,WNT,0.623076923076923
CACNA2D4,Group3,0.623076923076923
LRCH1,Group4,0.623076923076923
CACNA1D,WNT,0.623076923076923
STK17A,WNT,0.623076923076923
BACH2,WNT,0.622307692307692
BMP2,WNT,0.622307692307692
SNX25,Group3,0.621538461538461
STC2,WNT,0.621538461538461
TNNC1,WNT,0.621538461538461
HCRTR1,Group4,0.620888643914659
B3GALNT2,Group3,0.620769230769231
AP1S2,Group4,0.620769230769231
SAYSD1,Group3,0.620769230769231
AP1S2,Group3,0.620769230769231
SLC9B2,WNT,0.620769230769231
SLC9B2,SHH,0.620769230769231
SAYSD1,Group4,0.620769230769231
SHB,Group4,0.62
DPP6,Group4,0.62
MET,SHH,0.62
BMI1,Group4,0.62
MID1IP1,SHH,0.62
SP2,Group4,0.619230769230769
ABL2,Group4,0.619230769230769
PLCXD2,Group4,0.619230769230769
SNPH,WNT,0.619230769230769
RNF170,WNT,0.619230769230769
TTC9B,SHH,0.619230769230769
TEAD1,SHH,0.618461538461539
NUAK1,Group4,0.618461538461539
SULF1,Group4,0.618461538461539
TEAD1,WNT,0.618461538461539
HEATR5A,Group3,0.618461538461539
NUAK1,WNT,0.618461538461539
USP32,Group4,0.617692307692308
IQSEC1,Group3,0.617692307692308
PLIN3,WNT,0.617692307692308
B3GALTL,Group3,0.617692307692308
CMTM3,SHH,0.617692307692308
CMTM3,WNT,0.617692307692308
USP32,Group3,0.617692307692308
CCND1,SHH,0.617692307692308
ZNF486,SHH,0.617692307692308
ITPK1,SHH,0.617692307692308
C11orf87,WNT,0.616923076923077
SNTG1,WNT,0.616923076923077
TMEM132A,Group4,0.616923076923077
PLD2,SHH,0.616923076923077
LRRC61,Group3,0.616923076923077
ITGA9,WNT,0.616923076923077
APIP,SHH,0.616923076923077
OSR2,WNT,0.616186114891701
C4orf33,Group4,0.616153846153846
BTBD9,Group4,0.616153846153846
RDH10,Group4,0.616153846153846
KCND3,SHH,0.615384615384615
TMEM151A,WNT,0.615384615384615
MYOZ3,SHH,0.615384615384615
BTBD3,SHH,0.615384615384615
ZNF90,SHH,0.615384615384615
OXSM,WNT,0.615384615384615
IRAK3,SHH,0.615384615384615
NFIA,Group4,0.614615384615385
PTPRT,WNT,0.613846153846154
NHLRC1,Group4,0.613846153846154
CCDC3,WNT,0.613846153846154
NSFL1C,Group4,0.613846153846154
SNAPC3,Group4,0.613846153846154
FOXS1,SHH,0.613076923076923
NUDT14,Group3,0.613076923076923
ELFN2,Group4,0.613076923076923
CAND2,WNT,0.613076923076923
KCNH5,WNT,0.613076923076923
COL8A1,SHH,0.613076923076923
GFPT2,Group4,0.613076923076923
PVR,WNT,0.613076923076923
LCORL,Group3,0.613076923076923
CYP39A1,WNT,0.613076923076923
PHYH,Group4,0.613076923076923
COLEC12,WNT,0.612307692307692
DCTD,SHH,0.612307692307692
FAM84B,Group3,0.612307692307692
FAM84B,WNT,0.612307692307692
TMEM196,WNT,0.612307692307692
SLC36A1,SHH,0.612307692307692
DCTD,WNT,0.612307692307692
MPEG1,SHH,0.612307692307692
GOLGA8B,Group4,0.612307692307692
VASH1,Group3,0.612307692307692
MSN,SHH,0.611538461538462
C14orf144,Group3,0.611538461538462
MSN,WNT,0.611538461538462
BBS2,Group4,0.611538461538462
LARGE,Group3,0.611538461538462
LRRN1,WNT,0.611538461538462
SGCD,WNT,0.610769230769231
ZNF85,SHH,0.610769230769231
SNX11,Group4,0.610769230769231
FAT3,WNT,0.610769230769231
ERMAP,Group3,0.610769230769231
TRAM2,WNT,0.610769230769231
HIST1H1D,SHH,0.610769230769231
SNX11,Group3,0.610769230769231
PLSCR2,Group3,0.610043157119234
PAK7,SHH,0.61
UTP14A,SHH,0.609230769230769
EIF1B,Group3,0.609230769230769
SPR,Group3,0.609230769230769
STK25,SHH,0.608461538461538
FAM169A,Group3,0.608461538461538
MAP2K6,WNT,0.608461538461538
MAP2K6,SHH,0.608461538461538
C12orf5,Group4,0.608461538461538
PTPRN,WNT,0.608461538461538
TMCC3,Group4,0.608461538461538
KLHL29,Group3,0.608461538461538
CCNI,SHH,0.608461538461538
CCNH,Group4,0.608461538461538
FGF20,WNT,0.608461538461538
KLHL29,Group4,0.608461538461538
COL3A1,SHH,0.608461538461538
MED8,Group3,0.607692307692308
ATP6V1H,Group4,0.607692307692308
TP53INP2,Group4,0.607692307692308
ATP6V1H,Group3,0.607692307692308
ENTPD8,WNT,0.607345477689159
CMSS1,Group3,0.606923076923077
PDSS2,Group4,0.606923076923077
FANCL,SHH,0.606923076923077
FOXP1,SHH,0.606923076923077
LRRC3DN,Group3,0.606923076923077
TMED3,WNT,0.606923076923077
PDSS2,Group3,0.606923076923077
TOR3A,Group4,0.606153846153846
ZNF621,SHH,0.606153846153846
TSPAN12,SHH,0.606153846153846
FGFRL1,WNT,0.606153846153846
LRP8,WNT,0.606153846153846
EHD3,WNT,0.606153846153846
TCEAL5,Group4,0.606153846153846
PIWIL4,WNT,0.605384615384615
PIGH,Group3,0.605384615384615
SLC4A11,SHH,0.605384615384615
C15orf38-AP3S2,WNT,0.605384615384615
CHRD,Group4,0.605384615384615
PALLD,SHH,0.605384615384615
TMEM86A,Group4,0.605384615384615
BMP4,WNT,0.605384615384615
SYNRG,Group4,0.604615384615385
MZT2B,SHH,0.604615384615385
FHL1,SHH,0.604615384615385
RPS27A,SHH,0.604615384615385
HAGH,Group4,0.604615384615385
FAM13B,Group4,0.604615384615385
CRADD,Group3,0.603846153846154
CRADD,WNT,0.603846153846154
GALNT18,WNT,0.603846153846154
FAM131A,WNT,0.603076923076923
ATOH8,WNT,0.603076923076923
HMGCLL1,SHH,0.603076923076923
TRAK1,SHH,0.602307692307692
PPIL6,Group3,0.602307692307692
ZEB1,SHH,0.602307692307692
ASAP2,Group4,0.602307692307692
NECAB2,WNT,0.602307692307692
PPIL6,SHH,0.602307692307692
MAPK14,Group4,0.602307692307692
ZNF397,Group3,0.602307692307692
SST,Group3,0.601548885311245
STC1,WNT,0.601538461538462
FOXF1,WNT,0.601538461538462
ELN,SHH,0.601538461538462
MCF2L,Group4,0.601538461538462
DUSP11,SHH,0.601538461538462
TFB2M,Group3,0.601538461538462
C9orf3,WNT,0.600769230769231
BET1,Group3,0.600769230769231
PFKL,Group3,0.600769230769231
PARP12,Group3,0.600769230769231
BET1,WNT,0.600769230769231
TEAD3,Group3,0.600769230769231
GBP1,SHH,0.600769230769231
CAV2,SHH,0.600769230769231
FILIP1L,SHH,0.6
BCL2,SHH,0.6
RHOBTB3,WNT,0.6
COL15A1,SHH,0.6
NR3C2,Group4,0.6
LAMC1,SHH,0.6
ILDR2,WNT,0.6
RNASE4,WNT,0.6
RHOBTB3,SHH,0.6
CHPT1,SHH,0.6
RNASE4,SHH,0.6
OPRD1,WNT,0.599230769230769
CALD1,WNT,0.599230769230769
FGFR1OP,Group3,0.599230769230769
MYO6,Group4,0.599230769230769
C20orf196,WNT,0.599230769230769
FGFR1OP,Group4,0.599230769230769
PLCL1,SHH,0.598461538461538
BTRC,Group4,0.598461538461538
FANCB,Group4,0.598461538461538
XYLT2,WNT,0.598461538461538
SPC25,SHH,0.598461538461538
BCAR3,WNT,0.598461538461538
FANCB,SHH,0.598461538461538
UNCX,Group4,0.598461538461538
ADAMTSL1,WNT,0.597692307692308
S100A16,WNT,0.597692307692308
GALNT10,WNT,0.597692307692308
H2AFV,Group4,0.596923076923077
ANKS1B,Group4,0.596923076923077
TAOK2,Group4,0.596923076923077
SLC9A7,Group4,0.596923076923077
RPL37A,SHH,0.596923076923077
FLAD1,Group3,0.596153846153846
BRINP1,Group4,0.596153846153846
SWT1,SHH,0.596153846153846
DDX60,SHH,0.596153846153846
PLCE1,Group4,0.596153846153846
TMEM30A,Group4,0.595384615384615
NCALD,SHH,0.595384615384615
RNFT1,Group4,0.595384615384615
MED7,Group4,0.595384615384615
RNFT1,Group3,0.595384615384615
FAM43A,WNT,0.595384615384615
FGGY,SHH,0.595384615384615
REXO2,WNT,0.594615384615385
SLC12A6,Group4,0.594615384615385
RPL15,SHH,0.594615384615385
MKX,WNT,0.594615384615385
SPRY2,WNT,0.594615384615385
NTRK1,WNT,0.594615384615385
RPL15,WNT,0.594615384615385
IGSF1,Group4,0.594615384615385
LMCD1,WNT,0.594615384615385
CTC-786C10.1,SHH,0.594615384615385
AMOTL2,Group4,0.594615384615385
PRMT3,WNT,0.594615384615385
ABLIM1,Group4,0.594615384615385
AMOTL2,Group3,0.594615384615385
TWF1,Group4,0.594615384615385
FZD6,WNT,0.593846153846154
MND1,SHH,0.593846153846154
SLC17A7,Group3,0.593846153846154
PSD3,Group4,0.593846153846154
EBPL,SHH,0.593846153846154
RPL34,SHH,0.593846153846154
SIRT4,Group3,0.593846153846154
SIRT4,Group4,0.593846153846154
PSD3,SHH,0.593846153846154
DSCAML1,Group4,0.593846153846154
LRTM1,WNT,0.593078878254205
CCDC24,Group4,0.593076923076923
MTUS1,Group4,0.593076923076923
CAPN2,WNT,0.593076923076923
CSF1,WNT,0.593076923076923
LMBRD1,Group4,0.593076923076923
CCDC24,Group3,0.593076923076923
LMBRD1,Group3,0.593076923076923
MAN2A1,SHH,0.592307692307692
PTPRS,Group4,0.592307692307692
CCNE1,Group4,0.592307692307692
BICD1,Group4,0.592307692307692
PCDHB2,SHH,0.592307692307692
FBLN1,WNT,0.592307692307692
BICD1,Group3,0.592307692307692
LRGUK,Group3,0.592307692307692
PTPRS,SHH,0.592307692307692
CCNE1,Group3,0.592307692307692
CARD10,Group4,0.591538461538462
TFAP4,SHH,0.591538461538462
NXN,WNT,0.591538461538462
RASSF3,WNT,0.591538461538462
IMPDH1,Group3,0.591538461538462
FBXL13,Group3,0.590769230769231
SLC6A9,Group3,0.590769230769231
KAT2B,Group4,0.590769230769231
HIRIP3,Group4,0.590769230769231
DLG1,WNT,0.590769230769231
RIMBP2,Group3,0.590769230769231
METTL2B,Group4,0.590769230769231
NUPL2,Group3,0.59
CHST11,WNT,0.59
SLC6A6,Group4,0.589230769230769
SLC29A4,Group3,0.589230769230769
IQCE,Group3,0.589230769230769
AMPD3,WNT,0.589230769230769
TVP23B,WNT,0.589230769230769
IQCE,Group4,0.589230769230769
RP11-159G9.5,Group4,0.589230769230769
MRVI1,WNT,0.588461538461538
SHISA9,Group4,0.588461538461538
XBP1,WNT,0.588461538461538
MARCH8,Group4,0.588461538461538
TFB1M,Group3,0.588461538461538
PITPNM2,WNT,0.587692307692308
ADAM12,WNT,0.587692307692308
PARP4,SHH,0.587692307692308
MIPEP,SHH,0.587692307692308
PAPSS1,WNT,0.587692307692308
RP11-187E13.1,Group3,0.587692307692308
C1orf74,WNT,0.586923076923077
LPP,SHH,0.586923076923077
UST,WNT,0.586923076923077
ARHGAP32,WNT,0.586153846153846
PAG1,Group4,0.586153846153846
MOK,Group3,0.586153846153846
DDX23,Group4,0.585384615384615
NGLY1,WNT,0.585384615384615
HIST1H2BE,Group4,0.585384615384615
AL163636.6,SHH,0.585384615384615
MANEA,SHH,0.585384615384615
AL163636.6,WNT,0.585384615384615
TMEM38A,Group3,0.585384615384615
ADAMTS6,SHH,0.584615384615385
CADM1,WNT,0.584615384615385
CKLF-CMTM1,WNT,0.584615384615385
SND1,WNT,0.584615384615385
CHGB,Group4,0.584615384615385
HIVEP3,SHH,0.584615384615385
GLCE,WNT,0.584615384615385
CKLF-CMTM1,SHH,0.584615384615385
SND1,Group3,0.584615384615385
FNBP1,Group4,0.584615384615385
HS3ST2,Group4,0.583846153846154
TMEM117,Group4,0.583846153846154
TNFRSF11B,WNT,0.583846153846154
SHANK1,Group4,0.583846153846154
ABHD17C,Group4,0.583076923076923
PCGF5,WNT,0.583076923076923
AGPAT2,WNT,0.583076923076923
NME3,Group4,0.583076923076923
CTNNA2,WNT,0.583076923076923
CTNNA2,SHH,0.583076923076923
NME3,Group3,0.583076923076923
SYPL1,SHH,0.583076923076923
AGPAT2,Group3,0.583076923076923
HAX1,Group3,0.583076923076923
LBX1,Group4,0.582564848422128
PYGL,WNT,0.582307692307692
AC010441.1,WNT,0.582307692307692
LGR4,SHH,0.582307692307692
C1D,Group3,0.582307692307692
LACTBL1,WNT,0.582274683928305
EIF3H,SHH,0.581538461538462
YBEY,SHH,0.581538461538462
KLF7,SHH,0.580769230769231
FCGRT,WNT,0.580769230769231
DYX1C1,Group3,0.580769230769231
S100A13,WNT,0.580769230769231
EXOC6B,Group4,0.58
DZIP1,SHH,0.58
TEAD2,SHH,0.58
SAP130,Group4,0.58
UXS1,SHH,0.58
RAB9B,Group4,0.58
TEAD2,WNT,0.58
CDC34,WNT,0.579230769230769
MCM9,Group3,0.579230769230769
RPRD2,Group4,0.578461538461538
SRI,SHH,0.578461538461538
CEND1,SHH,0.578461538461538
RIOK2,Group3,0.578461538461538
QSER1,Group4,0.578461538461538
NPNT,WNT,0.578461538461538
ATXN1,Group4,0.577692307692308
RAB22A,SHH,0.577692307692308
OMA1,Group3,0.577692307692308
PTPRH,WNT,0.577692307692308
ZSCAN12,Group3,0.577692307692308
GSS,WNT,0.577692307692308
KCNIP4,Group4,0.577692307692308
NDN,Group4,0.576923076923077
C1GALT1,Group3,0.576923076923077
SETMAR,Group4,0.576923076923077
CBX1,Group3,0.576923076923077
ARAP2,WNT,0.576923076923077
CBX1,Group4,0.576923076923077
TAF1D,WNT,0.576923076923077
ATP7B,Group3,0.576153846153846
GNAQ,Group4,0.576153846153846
XXYLT1,WNT,0.576153846153846
EFNB2,SHH,0.575384615384615
ONECUT2,WNT,0.575384615384615
TMEM240,Group4,0.575384615384615
GLTPD1,Group4,0.575384615384615
FAHD2B,SHH,0.575384615384615
CPPED1,Group3,0.575384615384615
RERG,WNT,0.575384615384615
MAPK6,Group4,0.574615384615385
PNMAL1,Group3,0.574615384615385
ABCB8,Group3,0.574615384615385
MAPK6,Group3,0.574615384615385
ENPP6,WNT,0.574615384615385
PNMAL1,Group4,0.574615384615385
PGBD4,Group4,0.574615384615385
NFATC4,WNT,0.574615384615385
NFATC4,SHH,0.574615384615385
CELSR2,Group4,0.574615384615385
PERP,WNT,0.574615384615385
TSPAN3,WNT,0.573846153846154
ANKRD12,Group4,0.573846153846154
CITED1,Group4,0.573846153846154
SNX5,SHH,0.573846153846154
CITED1,Group3,0.573846153846154
SNX5,WNT,0.573846153846154
CEBPA,SHH,0.573846153846154
IL27RA,SHH,0.573076923076923
MT3,WNT,0.573076923076923
RGS7,Group4,0.573076923076923
FAM114A2,Group3,0.573076923076923
BHLHE22,Group4,0.573076923076923
TMUB2,Group4,0.573076923076923
GNG2,Group4,0.573076923076923
ZCCHC24,WNT,0.573076923076923
SERPIND1,WNT,0.57264075467734
BVES,SHH,0.572307692307692
PAPPA,Group4,0.572307692307692
PRSS12,Group3,0.572307692307692
PNMA3,Group3,0.572307692307692
MDP1,WNT,0.572307692307692
PNMA3,Group4,0.572307692307692
RAB12,Group4,0.571538461538462
CATSPERG,SHH,0.571538461538462
YRDC,Group3,0.571538461538462
PARP16,Group4,0.571538461538462
DTNA,Group4,0.571538461538462
GNB5,Group3,0.570769230769231
PIGU,WNT,0.570769230769231
RUNX2,WNT,0.570769230769231
HJURP,SHH,0.57
DOCK1,WNT,0.57
LRP2,Group3,0.57
ATP2C1,Group3,0.57
NGEF,SHH,0.57
MESP1,Group4,0.57
SLC16A9,SHH,0.57
EEF1B2,SHH,0.57
MESP1,Group3,0.57
EPHA6,Group4,0.57
PSMA6,Group3,0.57
PXMP4,Group4,0.569230769230769
SCPEP1,SHH,0.569230769230769
RAD52,Group4,0.568461538461538
RP11-383H13.1,SHH,0.568461538461538
STAM,SHH,0.568461538461538
LRRTM1,WNT,0.568461538461538
LINGO1,WNT,0.568461538461538
ATXN7L1,Group4,0.568461538461538
WWTR1,WNT,0.567692307692308
GPX8,WNT,0.567692307692308
DLG5,Group4,0.567692307692308
WWTR1,SHH,0.567692307692308
GRIK3,SHH,0.566923076923077
ALDH1L1,WNT,0.566923076923077
CLK3,Group4,0.566923076923077
GLTSCR2,SHH,0.566923076923077
LMNB1,Group3,0.566923076923077
HECTD4,Group4,0.566923076923077
GPR56,SHH,0.566153846153846
GPR56,WNT,0.566153846153846
KCTD21,Group4,0.566153846153846
KCTD21,Group3,0.566153846153846
SRRM4,Group3,0.566153846153846
SRRM4,Group4,0.566153846153846
SLC7A8,WNT,0.566153846153846
CCDC80,WNT,0.565384615384615
TP53RK,Group3,0.565384615384615
TP53RK,Group4,0.565384615384615
KIAA0232,Group4,0.565384615384615
NPTX2,SHH,0.565384615384615
ARID5A,SHH,0.565384615384615
SCN2A,WNT,0.565384615384615
SCN2A,Group4,0.565384615384615
NPRL2,Group4,0.565384615384615
EXOC2,SHH,0.565384615384615
CCND2,Group4,0.564615384615385
PRUNE2,WNT,0.564615384615385
SEC24D,SHH,0.564615384615385
MLLT4,Group4,0.564615384615385
PLXND1,SHH,0.564615384615385
SLIT2,WNT,0.564615384615385
PGM1,SHH,0.564615384615385
FAM185A,Group4,0.564615384615385
WDFY4,SHH,0.564615384615385
C1orf27,Group3,0.563846153846154
ALKBH3,Group3,0.563846153846154
SLC7A11,WNT,0.563846153846154
NYNRIN,WNT,0.563846153846154
FKBP5,Group3,0.563846153846154
MOCS2,Group3,0.563846153846154
XPO4,Group3,0.563846153846154
KLF15,WNT,0.563846153846154
KIF7,WNT,0.563846153846154
VGLL4,WNT,0.563846153846154
HOXD11,WNT,0.563492891509779
MC5R,SHH,0.563392182596414
THAP7,Group4,0.563076923076923
RPP25,Group3,0.563076923076923
EPS8,Group3,0.562307692307692
NANS,Group3,0.562307692307692
NSG1,Group4,0.562307692307692
EPS8,Group4,0.562307692307692
RASSF4,Group4,0.562307692307692
RP11-830F9.6,SHH,0.562307692307692
WASF1,Group3,0.561538461538462
APCDD1L,Group3,0.561538461538462
ABT1,Group3,0.560769230769231
THSD1,WNT,0.56
C5orf22,Group3,0.559230769230769
TMEM100,WNT,0.559230769230769
FRMD6,WNT,0.559230769230769
PRRX1,WNT,0.559230769230769
FRYL,SHH,0.559230769230769
TGFBI,WNT,0.558461538461538
KIF21B,Group4,0.558461538461538
KIF21B,Group3,0.558461538461538
MBLAC2,Group3,0.558461538461538
GTPBP10,Group4,0.558461538461538
MYD88,SHH,0.558461538461538
EPHA3,WNT,0.558461538461538
JAM3,WNT,0.558461538461538
YIF1B,WNT,0.558461538461538
C2orf69,Group4,0.558461538461538
GTPBP10,Group3,0.558461538461538
CNNM4,Group3,0.558461538461538
SLFN13,Group4,0.558461538461538
TMEM165,WNT,0.557692307692308
CDPF1,WNT,0.557692307692308
COX11,Group4,0.556923076923077
COX11,Group3,0.556923076923077
CMTR1,Group3,0.556923076923077
EMP3,WNT,0.556923076923077
NCKAP1,Group4,0.556923076923077
TNFRSF21,WNT,0.556923076923077
EMP3,SHH,0.556923076923077
FAM172A,WNT,0.556153846153846
METTL9,SHH,0.556153846153846
SPAST,Group4,0.556153846153846
HDHD2,Group3,0.556153846153846
KIAA1468,Group4,0.556153846153846
PRDM2,Group4,0.556153846153846
HDHD2,Group4,0.556153846153846
LNP1,Group3,0.555384615384615
MCM2,SHH,0.555384615384615
TSPAN8,WNT,0.555384615384615
TRIM24,Group4,0.555384615384615
DNM3,Group4,0.555384615384615
TMED2,WNT,0.555384615384615
PLAT,WNT,0.554615384615385
GRSF1,Group4,0.554615384615385
ETV5,WNT,0.554615384615385
GPR124,WNT,0.554615384615385
NAA25,Group3,0.554615384615385
GRSF1,Group3,0.554615384615385
RTN4IP1,Group3,0.553846153846154
SDK2,Group3,0.553846153846154
C11orf54,WNT,0.553846153846154
RTN4IP1,Group4,0.553846153846154
C11orf54,SHH,0.553846153846154
MALSU1,Group3,0.553076923076923
MOB1A,WNT,0.553076923076923
GAREM,WNT,0.553076923076923
RPGRIP1L,SHH,0.553076923076923
MOB1A,SHH,0.553076923076923
ZNF277,SHH,0.553076923076923
KLHL36,Group4,0.552307692307692
ANXA1,SHH,0.552307692307692
CTD-2116N17.1,Group4,0.552307692307692
USP25,Group3,0.552307692307692
GLRX3,SHH,0.552307692307692
USP25,Group4,0.552307692307692
ZNF814,Group3,0.551538461538462
FREM1,SHH,0.551538461538462
CYBRD1,WNT,0.551538461538462
TDRP,Group3,0.551538461538462
CYBRD1,SHH,0.551538461538462
RPRD1A,Group4,0.551538461538462
RPL36,WNT,0.550769230769231
CGGBP1,Group4,0.550769230769231
SMIM4,WNT,0.550769230769231
CDK7,Group3,0.550769230769231
RPL36,SHH,0.550769230769231
NOG,WNT,0.550769230769231
ZMAT3,WNT,0.55
MSI1,Group4,0.55
STX8,SHH,0.55
CITED2,Group4,0.55
ACADS,Group3,0.55
RASEF,Group3,0.55
HOXC13,Group4,0.549934473384021
FGFR1,WNT,0.549230769230769
NUDT2,WNT,0.549230769230769
MBP,WNT,0.549230769230769
HMCN1,WNT,0.549230769230769
PDE4D,Group4,0.549230769230769
STX1B,Group4,0.548461538461538
CACNA1C,Group4,0.548461538461538
RAPGEF1,Group4,0.548461538461538
PLEKHA7,WNT,0.548461538461538
RRP15,Group3,0.548461538461538
FAM21C,Group4,0.548461538461538
ASTN1,WNT,0.547692307692308
SLC6A1,WNT,0.547692307692308
STAC,SHH,0.547692307692308
CYBA,WNT,0.547692307692308
FBXW9,Group3,0.547692307692308
NCOA4,Group4,0.546923076923077
ARL6IP4,WNT,0.546923076923077
CRY2,Group4,0.546923076923077
SERTAD3,Group3,0.546153846153846
GPM6A,Group4,0.546153846153846
GABRE,WNT,0.546153846153846
AAED1,WNT,0.546153846153846
NELFCD,SHH,0.546153846153846
AAED1,SHH,0.546153846153846
NIPA2,SHH,0.546153846153846
GK5,Group3,0.545384615384615
OPA1,Group4,0.545384615384615
SCRT2,Group4,0.545384615384615
CRMP1,Group4,0.545384615384615
PTCH1,SHH,0.545384615384615
DERA,SHH,0.544615384615385
POLR3G,Group3,0.544615384615385
DEFA5,WNT,0.544538792347756
GNAI2,WNT,0.543846153846154
MUT,Group4,0.543846153846154
MXI1,SHH,0.543846153846154
MUT,Group3,0.543846153846154
CAMK2G,WNT,0.543846153846154
MXI1,WNT,0.543846153846154
SGSM1,WNT,0.543846153846154
RORB,WNT,0.543846153846154
FAM110B,Group4,0.543846153846154
RSPO1,WNT,0.543284497003513
EIF2A,SHH,0.543076923076923
OMD,SHH,0.543076923076923
C21orf33,WNT,0.543076923076923
SMYD2,SHH,0.543076923076923
SPATA18,WNT,0.543076923076923
PGAM2,SHH,0.543076923076923
C8orf48,Group4,0.543076923076923
C14orf37,Group4,0.543076923076923
PRSS56,WNT,0.542684570207996
GTF2I,Group4,0.542307692307692
GTF2I,Group3,0.542307692307692
TEX14,Group4,0.542307692307692
LMBRD2,Group4,0.542307692307692
MRPL52,WNT,0.542307692307692
WDR62,Group3,0.542307692307692
TRIQK,WNT,0.542307692307692
H2AFY2,Group3,0.542307692307692
MARCH11,WNT,0.542307692307692
H2AFY2,Group4,0.542307692307692
GPSM1,Group4,0.541538461538462
NPFFR1,WNT,0.541538461538462
CD44,WNT,0.541538461538462
CCDC88C,WNT,0.541538461538462
MST4,SHH,0.541538461538462
PAQR8,WNT,0.540769230769231
SLC25A4,Group4,0.540769230769231
SLC25A4,Group3,0.540769230769231
KIAA1211,Group4,0.540769230769231
PTP4A1,Group3,0.540769230769231
SFXN1,Group4,0.540769230769231
PTP4A1,Group4,0.540769230769231
CCL3,WNT,0.540769230769231
C3orf72,WNT,0.540769230769231
C3orf72,SHH,0.540769230769231
SFXN1,Group3,0.540769230769231
TMEM9,WNT,0.540769230769231
GALP,Group3,0.540666729899772
MYO7B,SHH,0.540488565489527
COMMD10,SHH,0.54
EVL,Group4,0.54
POTEF,Group3,0.54
SLC35F1,WNT,0.54
SMYD3,Group3,0.54
DBF4,SHH,0.54
LOH12CR2,Group4,0.54
MIIP,SHH,0.54
KCNIP2,Group4,0.54
EVL,Group3,0.54
SCARA5,WNT,0.539772363071322
FBXO10,Group3,0.539230769230769
EML6,WNT,0.539230769230769
NIPSNAP3A,WNT,0.539230769230769
AIP,WNT,0.539230769230769
APBB2,Group3,0.539230769230769
GPR52,Group4,0.538461538461539
PDK2,Group4,0.538461538461539
AC024592.12,WNT,0.538461538461539
XRN2,SHH,0.538461538461539
SLC4A4,WNT,0.538461538461539
PSMB10,WNT,0.538461538461539
ABL1,Group4,0.538461538461539
PSMB10,SHH,0.538461538461539
VIT,WNT,0.538180429266796
RAD54L2,Group3,0.537692307692308
NRF1,Group4,0.537692307692308
KRT19,SHH,0.537692307692308
PSME1,SHH,0.537692307692308
GNAS,SHH,0.537692307692308
IFI27,WNT,0.537692307692308
RPL19,SHH,0.537692307692308
NDUFAF5,WNT,0.536923076923077
NDUFAF5,Group3,0.536923076923077
FNDC3B,WNT,0.536923076923077
LTB4R,SHH,0.536923076923077
DEF8,Group4,0.536923076923077
RNF150,WNT,0.536923076923077
RERE,Group3,0.536923076923077
RERE,Group4,0.536923076923077
TTC3,Group4,0.536153846153846
RC3H1,Group4,0.536153846153846
MARK4,Group4,0.536153846153846
KIRREL2,Group3,0.536153846153846
IGFBP6,SHH,0.536153846153846
PTBP2,Group3,0.535384615384615
BCL6,SHH,0.535384615384615
GGA2,Group3,0.535384615384615
KLF6,SHH,0.535384615384615
CBLN2,WNT,0.535384615384615
PCDH8,WNT,0.535384615384615
KIRREL,SHH,0.535384615384615
PURB,Group4,0.535384615384615
PTBP2,Group4,0.535384615384615
GCDH,WNT,0.535384615384615
CSNK1E,SHH,0.534615384615385
SKP2,WNT,0.534615384615385
STX1A,WNT,0.534615384615385
CPED1,WNT,0.534615384615385
CTNNAL1,WNT,0.534615384615385
EFHD2,WNT,0.534615384615385
CPED1,SHH,0.534615384615385
ZC3HAV1L,Group3,0.534615384615385
ZC3HAV1L,WNT,0.534615384615385
ARHGAP21,Group4,0.533846153846154
ARHGAP21,SHH,0.533846153846154
RUSC2,Group4,0.533846153846154
TMSB10,Group3,0.533846153846154
MRPS6,Group3,0.533846153846154
ATG10,SHH,0.533846153846154
EEFSEC,Group4,0.533846153846154
SDC3,Group4,0.533846153846154
DAP3,Group3,0.533846153846154
OBFC1,WNT,0.533076923076923
FAM198A,SHH,0.533076923076923
C14orf79,Group3,0.533076923076923
SEPHS2,Group3,0.533076923076923
TRIM5,WNT,0.533076923076923
C19orf81,WNT,0.533076923076923
SLC9A6,Group4,0.533076923076923
RIC8B,Group4,0.532307692307692
DERL1,WNT,0.532307692307692
FEZ2,Group3,0.532307692307692
HERC1,Group4,0.532307692307692
DTWD1,SHH,0.532307692307692
TTYH3,Group3,0.532307692307692
NEO1,SHH,0.532307692307692
LAMB1,WNT,0.531538461538462
METTL7A,WNT,0.531538461538462
N4BP3,Group3,0.531538461538462
SCARF2,WNT,0.531538461538462
SSBP2,SHH,0.531538461538462
OXSR1,SHH,0.531538461538462
TMEM45A,WNT,0.531538461538462
METTL7A,SHH,0.531538461538462
C4orf21,Group4,0.530769230769231
LGI2,WNT,0.530769230769231
S100A4,WNT,0.530769230769231
HIVEP2,SHH,0.530769230769231
KIAA0101,Group3,0.530769230769231
SERP2,SHH,0.530769230769231
KIAA0101,Group4,0.530769230769231
SLFN5,Group4,0.53
EML1,Group3,0.53
NCAPG,SHH,0.53
C8orf56,WNT,0.53
MRPS12,SHH,0.53
MEST,WNT,0.53
ATP1B3,SHH,0.53
NGFR,SHH,0.529230769230769
GAB2,Group4,0.529230769230769
PIK3C3,Group4,0.529230769230769
LEPRE1,WNT,0.529230769230769
SORBS3,SHH,0.529230769230769
BCAS3,Group4,0.528461538461539
ATF7IP,Group4,0.528461538461539
ATP9A,Group4,0.528461538461539
CEP120,Group4,0.528461538461539
NDUFA5,Group4,0.528461538461539
WDR31,Group3,0.528461538461539
EMILIN1,SHH,0.528461538461539
ATF7IP,Group3,0.528461538461539
EMILIN1,WNT,0.528461538461539
TRABD2A,WNT,0.528461538461539
CPM,SHH,0.528461538461539
NDUFA5,Group3,0.528461538461539
TCIRG1,WNT,0.528461538461539
DROSHA,Group4,0.528461538461539
NTAN1,SHH,0.527692307692308
ABHD4,Group4,0.527692307692308
MARCKS,SHH,0.527692307692308
ABHD4,WNT,0.527692307692308
FRS2,Group4,0.527692307692308
MARCKS,Group4,0.527692307692308
DOCK11,SHH,0.527692307692308
PRKG1,WNT,0.526923076923077
UCHL1,SHH,0.526923076923077
RFK,Group4,0.526923076923077
PEX11A,WNT,0.526923076923077
RFK,Group3,0.526923076923077
THSD7A,WNT,0.526923076923077
KIF1B,Group4,0.526153846153846
FZD8,Group3,0.526153846153846
COX7C,Group3,0.526153846153846
PCNT,SHH,0.526153846153846
SIVA1,SHH,0.526153846153846
SRL,SHH,0.526153846153846
MYO5A,Group4,0.526153846153846
RRP9,Group3,0.526153846153846
FUT5,WNT,0.526153846153846
TMEM130,Group4,0.525384615384615
HSPB1,WNT,0.525384615384615
PITHD1,Group4,0.525384615384615
CDC40,Group3,0.525384615384615
UBE2F,Group3,0.525384615384615
RPL21,SHH,0.525384615384615
RAB33A,SHH,0.525384615384615
NSMCE2,Group3,0.524615384615385
CDC42EP1,WNT,0.524615384615385
ABCB4,SHH,0.524615384615385
PDZD2,Group3,0.524615384615385
NSMCE2,SHH,0.524615384615385
RALBP1,Group4,0.523846153846154
NDUFS5,SHH,0.523846153846154
COTL1,WNT,0.523846153846154
HELB,SHH,0.523846153846154
MFAP4,WNT,0.523846153846154
AL117190.2,Group4,0.523556025983343
KRBOX1,SHH,0.523076923076923
GTF2F2,Group3,0.523076923076923
CADM4,Group4,0.523076923076923
DPF3,SHH,0.523076923076923
PGK1,Group3,0.523076923076923
SPOPL,SHH,0.523076923076923
KCTD6,Group3,0.523076923076923
BUB1,SHH,0.523076923076923
GPR19,WNT,0.523076923076923
IDS,Group4,0.523076923076923
ZC3H12C,SHH,0.523076923076923
PYROXD1,Group3,0.523076923076923
SLC8A3,Group4,0.522307692307692
TRMT112,WNT,0.522307692307692
HOMEZ,WNT,0.522307692307692
RNF2,Group3,0.522307692307692
CYB561,WNT,0.522307692307692
TRMT112,SHH,0.522307692307692
SIM1,Group4,0.521940108468641
ARID2,Group4,0.521538461538462
ATP6V1D,Group4,0.521538461538462
CRLS1,WNT,0.521538461538462
ARID3B,Group3,0.521538461538462
FBXO9,Group4,0.520769230769231
GAB1,SHH,0.520769230769231
FBXO9,Group3,0.520769230769231
RFXAP,Group4,0.520769230769231
DLX5,Group4,0.520769230769231
PTPLA,SHH,0.52
ST8SIA3,WNT,0.52
TSEN15,WNT,0.52
AKIRIN1,Group3,0.52
SUMO3,Group3,0.52
TNFRSF11A,Group3,0.52
TRIP6,WNT,0.52
TRIP6,SHH,0.52
TSEN15,SHH,0.52
SOX13,SHH,0.519230769230769
GTF2IRD1,Group4,0.519230769230769
CRHBP,Group3,0.519230769230769
HKR1,Group3,0.519230769230769
IQGAP2,Group3,0.519230769230769
DNMBP,WNT,0.519230769230769
GTF2IRD1,Group3,0.519230769230769
RCAN1,Group3,0.518461538461538
DNAJC10,WNT,0.518461538461538
MRPS18A,Group3,0.518461538461538
RCAN1,Group4,0.518461538461538
FAM155A,SHH,0.518461538461538
ADAMTS15,SHH,0.518461538461538
GCNT1,WNT,0.518461538461538
UBE2E2,WNT,0.517692307692308
C12orf29,SHH,0.517692307692308
NACC2,WNT,0.517692307692308
ATOH1,SHH,0.517576438347447
PSMB5,Group3,0.516923076923077
KIAA1549,Group4,0.516923076923077
STK10,SHH,0.516923076923077
IK,Group3,0.516923076923077
CUX2,Group4,0.516923076923077
MRPS22,SHH,0.516923076923077
CHST12,Group4,0.516923076923077
PARD3,Group4,0.516923076923077
PPP3R1,Group3,0.516153846153846
DAD1,WNT,0.516153846153846
INPP5K,Group3,0.516153846153846
TRIB1,Group3,0.516153846153846
OGN,SHH,0.516153846153846
TRIM39,Group4,0.515384615384615
BACE1,Group3,0.515384615384615
EEPD1,WNT,0.515384615384615
ACHE,Group4,0.515384615384615
FBXO32,WNT,0.515384615384615
CABP2,Group3,0.515061754175353
SNX10,Group4,0.514615384615385
LZTS3,SHH,0.514615384615385
NOVA1,Group4,0.514615384615385
EVI2A,WNT,0.514615384615385
PDHB,Group3,0.514615384615385
YWHAZ,SHH,0.513846153846154
AZIN1,Group3,0.513846153846154
PABPC1,SHH,0.513846153846154
BIRC3,WNT,0.513846153846154
KIAA1199,WNT,0.513076923076923
ARHGEF10L,Group4,0.513076923076923
C1QL1,SHH,0.513076923076923
C1orf109,SHH,0.513076923076923
UBE2H,Group3,0.513076923076923
ZBED6CL,Group3,0.513076923076923
MTCH1,SHH,0.513076923076923
CAST,WNT,0.513076923076923
LRIG2,Group4,0.513076923076923
CTSH,WNT,0.513076923076923
GORASP2,Group3,0.513076923076923
GORASP2,WNT,0.513076923076923
GDAP1L1,SHH,0.512307692307692
PTPN13,Group3,0.512307692307692
ASAP1,Group3,0.512307692307692
UBAP1L,Group4,0.512307692307692
CCDC97,Group4,0.512307692307692
NPTN,WNT,0.512307692307692
KCTD5,WNT,0.511538461538461
PRPSAP1,Group4,0.511538461538461
KLHL22,Group4,0.511538461538461
MAPK8IP1,Group4,0.511538461538461
RPS5,SHH,0.510769230769231
SRGAP2,WNT,0.510769230769231
TMEM183A,Group3,0.510769230769231
RABEP1,Group4,0.51
RABEP1,Group3,0.51
PROSER2,Group3,0.509230769230769
ACTR1B,Group3,0.509230769230769
C7orf31,SHH,0.509230769230769
PLXNA1,Group4,0.509230769230769
ARHGAP44,Group3,0.508461538461539
PUS1,SHH,0.508461538461539
RRAS2,Group4,0.508461538461539
TNRC18,Group4,0.508461538461539
SPATA2L,SHH,0.508461538461539
DNAJC27,WNT,0.507692307692308
FLRT1,Group4,0.507692307692308
FLRT1,Group3,0.507692307692308
ZNF829,SHH,0.507692307692308
ETS2,Group3,0.506923076923077
FAM69A,Group4,0.506923076923077
SAMD14,Group4,0.506923076923077
SEMA4F,WNT,0.506923076923077
EPG5,Group4,0.506923076923077
FAM69A,Group3,0.506923076923077
P4HA1,WNT,0.506923076923077
MED10,SHH,0.506923076923077
PPP1R17,SHH,0.506923076923077
CEBPB,SHH,0.506923076923077
COL8A2,WNT,0.506923076923077
CCNB1,SHH,0.506153846153846
GPR27,Group4,0.506153846153846
HIBADH,WNT,0.506153846153846
CREB5,WNT,0.506153846153846
PGS1,Group4,0.505384615384615
TRIB3,SHH,0.505384615384615
PLEKHF2,WNT,0.505384615384615
FARP2,SHH,0.505384615384615
PNO1,Group3,0.505384615384615
THEMIS2,SHH,0.504615384615385
RFTN2,SHH,0.504615384615385
CHST8,WNT,0.504615384615385
PSRC1,SHH,0.504615384615385
OSTC,WNT,0.503846153846154
OSTC,SHH,0.503846153846154
SEMA3D,Group4,0.503846153846154
CCNC,SHH,0.503846153846154
TMEM99,WNT,0.503846153846154
MAP4,Group3,0.503846153846154
C12orf49,Group4,0.503846153846154
CCNC,Group3,0.503846153846154
DST,Group3,0.503076923076923
RAP1GAP2,SHH,0.503076923076923
C14orf132,Group4,0.503076923076923
SLC25A51,Group4,0.502307692307692
MS4A4A,SHH,0.502307692307692
PPP1R12B,Group4,0.502307692307692
ZNF503,WNT,0.502307692307692
APAF1,Group4,0.502307692307692
BRE,WNT,0.502307692307692
TNRC6C,Group4,0.502307692307692
S100A11,WNT,0.501538461538462
TLR2,WNT,0.501538461538462
TRIM45,Group4,0.501538461538462
ECM2,SHH,0.501538461538462
P2RX6,WNT,0.501538461538462
PTBP3,WNT,0.501538461538462
BBX,SHH,0.501538461538462
SPOCK2,Group4,0.501538461538462
SLC11A2,Group4,0.501538461538462
TLN2,Group3,0.501538461538462
TMEM74B,WNT,0.501538461538462
CTNNBIP1,Group4,0.500769230769231
C9orf9,WNT,0.500769230769231
MAP3K2,Group4,0.500769230769231
PPFIBP1,SHH,0.500769230769231
FER,Group4,0.500769230769231
TMEM243,SHH,0.5
TMEM243,Group3,0.5
GMPR2,WNT,0.5
DTX4,Group4,0.499230769230769
PCYOX1L,SHH,0.499230769230769
IGF1R,Group4,0.499230769230769
DCN,SHH,0.499230769230769
ZNF395,SHH,0.499230769230769
PLEKHG3,SHH,0.498461538461538
C5orf15,WNT,0.498461538461538
MMP15,Group3,0.498461538461538
GNB2,SHH,0.498461538461538
MYADM,WNT,0.498461538461538
OSBPL11,Group4,0.498461538461538
MMP15,Group4,0.498461538461538
HDLBP,WNT,0.498461538461538
CCDC171,Group4,0.498461538461538
ITSN1,Group4,0.498461538461538
GPX7,SHH,0.497692307692308
AMOT,Group4,0.497692307692308
THG1L,SHH,0.496923076923077
GDE1,WNT,0.496923076923077
NFYB,WNT,0.496923076923077
SMAD3,WNT,0.496923076923077
ATP6AP2,Group4,0.496923076923077
SYT16,Group4,0.496153846153846
ATP6V0E2,Group4,0.496153846153846
AVEN,WNT,0.496153846153846
LRRK1,SHH,0.496153846153846
PITPNA,Group3,0.496153846153846
C2orf49,Group4,0.496153846153846
CABYR,SHH,0.495384615384615
HDDC2,SHH,0.495384615384615
ING5,SHH,0.495384615384615
ANKFY1,Group4,0.495384615384615
CABYR,Group4,0.495384615384615
HDDC2,Group3,0.495384615384615
EXTL3,Group3,0.495384615384615
AES,Group4,0.495384615384615
DOCK3,Group4,0.495384615384615
AES,Group3,0.495384615384615
ELMO1,Group4,0.495384615384615
RGS17,WNT,0.494615384615385
RPL7A,SHH,0.494615384615385
RAMP3,WNT,0.494615384615385
TAF12,WNT,0.493846153846154
APMAP,WNT,0.493846153846154
RIMS4,Group4,0.493846153846154
SMG8,Group4,0.493846153846154
ARHGAP22,WNT,0.493846153846154
CD58,WNT,0.493076923076923
CXADR,WNT,0.493076923076923
ATG13,WNT,0.493076923076923
CXADR,Group4,0.493076923076923
PRKAA2,Group3,0.492307692307692
PTP4A3,Group3,0.492307692307692
BACH1,Group4,0.492307692307692
FOXL2,SHH,0.492307692307692
AC004381.6,SHH,0.492307692307692
DSE,WNT,0.492307692307692
ITPA,SHH,0.492307692307692
RPS8,SHH,0.492307692307692
AC004381.6,Group4,0.492307692307692
NAB1,Group4,0.492307692307692
HSPE1,SHH,0.492307692307692
FOXL2,WNT,0.492307692307692
TBCCD1,Group4,0.491538461538462
PRDM8,SHH,0.491538461538462
RAB6B,Group4,0.491538461538462
DCLK1,Group4,0.491538461538462
KRT18,Group3,0.491538461538462
OSBPL5,WNT,0.491538461538462
ERF,SHH,0.490769230769231
ADIPOR2,Group3,0.490769230769231
FUT10,WNT,0.490769230769231
MACF1,Group4,0.490769230769231
KCNMB4,Group4,0.49
KCNMB4,SHH,0.49
EHD1,SHH,0.489230769230769
PXK,Group4,0.489230769230769
BRD7,WNT,0.489230769230769
SYCP2,Group4,0.489230769230769
CCT5,Group3,0.489230769230769
METTL1,SHH,0.489230769230769
PCSK9,WNT,0.489230769230769
MMP16,SHH,0.488461538461538
VDAC1,Group3,0.488461538461538
TRAPPC5,Group3,0.488461538461538
TMEM158,WNT,0.488461538461538
LNX2,SHH,0.488461538461538
ZNF77,Group3,0.488461538461538
FBN1,WNT,0.487692307692308
PSAT1,WNT,0.487692307692308
PTGDS,SHH,0.486923076923077
BRIX1,Group3,0.486923076923077
FGD5,Group3,0.486923076923077
ZNF330,Group3,0.486923076923077
PRKD3,Group3,0.486923076923077
ZNF576,WNT,0.486153846153846
FMNL3,SHH,0.486153846153846
PTEN,Group4,0.486153846153846
CCNT2,Group4,0.486153846153846
CYTH3,Group4,0.486153846153846
DKK4,WNT,0.485445015161448
CSTF3,Group3,0.485384615384615
SNRPC,Group3,0.485384615384615
GLT8D2,WNT,0.485384615384615
