,WNT,WNT,SHH,SHH,Group3,Group3,Group4,Group4
Attribute,name,correlation,name,correlation,name,correlation,name,correlation
0,GALNT14,0.940769230769231,PLCH1,0.955384615384615,FSTL5,0.942307692307692,FAM65B,0.979230769230769
1,LRIG3,0.939230769230769,MYCL,0.947692307692308,PAPPA2,0.941538461538462,SIX6,0.955350552521509
2,ZIC2,0.936923076923077,DMRTA1,0.945384615384615,IMPG2,0.941538461538462,SNCAIP,0.950769230769231
3,RAI2,0.929230769230769,SATB2,0.93,OR2W3,0.941334889503824,SLC10A4,0.947692307692308
4,APCDD1,0.928461538461538,TCERG1L,0.925384615384615,TRIM58,0.934615384615385,CNPY1,0.945384615384615
5,ZIC5,0.916923076923077,DRD2,0.925384615384615,EYA2,0.934615384615385,EN2,0.943846153846154
6,DSC2,0.915384615384615,ADCYAP1,0.924615384615385,ANO2,0.933846153846154,AC012215.1,0.938461538461539
7,ZMAT4,0.909230769230769,PDE10A,0.918461538461539,RP11-127H5.1,0.930769230769231,KIAA1239,0.938461538461539
8,RTKN,0.909230769230769,PTPRK,0.913076923076923,GUCY2D,0.930769230769231,UNC5D,0.938461538461539
9,RASL11B,0.906923076923077,LRRC16A,0.911538461538462,RD3,0.925384615384615,ENC1,0.931538461538462
10,LHX8,0.906153846153846,POU3F3,0.908461538461539,PPP2R2B,0.923846153846154,HIST1H4F,0.927692307692308
11,SP5,0.904615384615385,PTX3,0.906153846153846,LDLRAD4,0.923076923076923,FEZF1,0.927420040126835
12,EMID1,0.903076923076923,PLXNC1,0.903846153846154,EYS,0.921538461538462,ISLR2,0.921538461538462
13,MEIS1,0.902307692307692,GREB1L,0.901538461538462,AP000783.1,0.92,GSG1L,0.921538461538462
14,GGACT,0.899230769230769,NTRK3,0.900769230769231,SMARCD3,0.92,SEMA3A,0.921538461538462
15,CDKN1C,0.893846153846154,PDPN,0.898461538461538,LPPR5,0.919230769230769,LINGO2,0.920769230769231
16,HOXC5,0.893340936982969,POU3F2,0.897692307692308,NPR3,0.916923076923077,RALYL,0.919230769230769
17,PRMT8,0.893076923076923,SPHKAP,0.897692307692308,FCER2,0.916923076923077,DLGAP1,0.917692307692308
18,HRASLS5,0.891538461538462,ADAM23,0.896923076923077,PROKR2,0.916089570911036,RBM24,0.916923076923077
19,NRTN,0.890769230769231,SEMA6A,0.894615384615385,FZD1,0.913846153846154,LHX2,0.915384615384615
20,PDGFC,0.888461538461539,DSCAM,0.894615384615385,ZFHX4,0.913076923076923,LMX1A,0.915384615384615
21,FBXL7,0.886923076923077,SBSPON,0.893076923076923,DAB1,0.91,INPP5F,0.912307692307692
22,GAP43,0.886923076923077,BARHL2,0.892307692307692,FAM19A4,0.909230769230769,ASTN2,0.912307692307692
23,HOXD4,0.885720887614888,DCDC1,0.891538461538462,SV2C,0.909230769230769,CTTNBP2,0.911538461538462
24,DSP,0.885384615384615,MRAP2,0.891538461538462,GHR,0.908461538461539,PPP1R1A,0.91
25,PCSK1,0.883846153846154,NLGN1,0.89,ARR3,0.907901492610911,TRPC5,0.91
26,HS3ST1,0.883846153846154,TOX3,0.888461538461539,DCT,0.907692307692308,PTPN5,0.91
27,HUNK,0.883076923076923,PAX6,0.886923076923077,SLITRK3,0.904615384615385,FGF12,0.91
28,GXYLT2,0.881538461538462,ALDH1A3,0.884615384615385,CRX,0.903846153846154,ERBB4,0.908461538461539
29,HECW1,0.881538461538462,FGF14,0.883076923076923,ZNF703,0.902307692307692,CHL1,0.907692307692308
30,NKD2,0.881538461538462,NLGN4X,0.882307692307692,GRAMD1B,0.898461538461538,GPR12,0.906923076923077
31,BMP7,0.878461538461539,TMEM98,0.876923076923077,TPRX2P,0.898076192062872,RP11-247C2.2,0.906153846153846
32,C18orf42,0.877692307692308,ROBO1,0.876923076923077,C14orf23,0.896438781584557,KCNK2,0.905384615384615
33,LRRC55,0.876923076923077,ELAVL4,0.873846153846154,PLA2G4C,0.896153846153846,SYT6,0.904615384615385
34,SYT2,0.874615384615385,L3MBTL4,0.873076923076923,C2orf71,0.896153846153846,B4GALT6,0.904615384615385
35,PLXDC1,0.872307692307692,UNC5C,0.870769230769231,TSHZ3,0.896153846153846,NMNAT3,0.903076923076923
36,IL17D,0.870769230769231,KCNJ6,0.870769230769231,ARHGAP9,0.891538461538462,MEIS2,0.902307692307692
37,GALNT12,0.870769230769231,DAGLA,0.87,FAM89A,0.891538461538462,FREM3,0.901538461538462
38,SORCS3,0.87,NMNAT2,0.868461538461539,GABRA5,0.891538461538462,CDH23,0.901538461538462
39,CACNA1A,0.866153846153846,ROBO2,0.867692307692308,GSG1,0.890769230769231,C13orf45,0.899788437494665
40,ROR2,0.865384615384615,RBMS1,0.867692307692308,PSMD14,0.890769230769231,KCNA1,0.899230769230769
41,KCNK3,0.863846153846154,DAPL1,0.866923076923077,TBX3,0.890769230769231,DFNA5,0.898461538461538
42,ATP8A1,0.863846153846154,GCNT2,0.866923076923077,AC026703.1,0.889230769230769,TPBG,0.897692307692308
43,RNF112,0.863076923076923,ZNF516,0.866153846153846,BNC2,0.888461538461539,LPAR4,0.896923076923077
44,GADD45A,0.856153846153846,HAS3,0.866153846153846,IGF2BP3,0.888461538461539,SHD,0.896153846153846
45,TGFA,0.856153846153846,FLNC,0.866153846153846,PARD6B,0.886923076923077,BARHL1,0.896153846153846
46,IQCA1,0.856153846153846,AL354993.1,0.865384615384615,SEMA3C,0.885384615384615,EOMES,0.893846153846154
47,TNFRSF19,0.854615384615385,SLC4A8,0.865384615384615,SBK2,0.884615384615385,ANKRD30B,0.893076923076923
48,EMX2,0.854615384615385,GLI1,0.864615384615385,SYTL4,0.883846153846154,KCNN1,0.892307692307692
49,ACKR3,0.851538461538462,PPP2R2C,0.863846153846154,PDE6H,0.883404268030891,EXPH5,0.892307692307692
50,FSTL4,0.850769230769231,BTBD11,0.862307692307692,HCN2,0.883076923076923,ESRRG,0.890769230769231
51,TMEM132C,0.850769230769231,BOK,0.856153846153846,GABARAPL1,0.883076923076923,CDH18,0.890769230769231
52,NRCAM,0.849230769230769,TSHZ2,0.853846153846154,GABRG2,0.883076923076923,SYCP1,0.888809713726884
53,VWDE,0.845384615384615,ARHGEF26,0.853846153846154,MAB21L2,0.881538461538462,NUDT4,0.888461538461539
54,CNGA3,0.844615384615385,MYO16,0.852307692307692,DENND1B,0.881538461538462,TP53BP2,0.886923076923077
55,DOK5,0.844615384615385,CHDH,0.850769230769231,TGFB3,0.880769230769231,STOX2,0.886153846153846
56,EPHA4,0.843846153846154,PRKCB,0.848461538461538,NPTX1,0.879230769230769,LHX1,0.884615384615385
57,NBL1,0.843076923076923,NDST3,0.846153846153846,FRMPD1,0.877692307692308,AC008060.7,0.883076923076923
58,KCNA2,0.843076923076923,SHROOM2,0.845384615384615,TRIM36,0.875384615384615,TLL1,0.882307692307692
59,HK2,0.842307692307692,IFITM10,0.845384615384615,USP2,0.874615384615385,TENM4,0.880769230769231
60,MYH15,0.841538461538462,GRIN2A,0.844615384615385,RD3L,0.873472079659911,FOXP2,0.880769230769231
61,GPR98,0.840769230769231,PARP9,0.843846153846154,CSRNP3,0.870769230769231,KBTBD11,0.88
62,VWA5B2,0.840769230769231,AFF3,0.843076923076923,RASGEF1B,0.870769230769231,TMEM163,0.88
63,FREM2,0.839230769230769,EMILIN3,0.842307692307692,FANCF,0.869230769230769,CHRM3,0.88
64,MYO1B,0.838461538461538,FAM19A5,0.842307692307692,INHBB,0.868461538461539,LRRC4B,0.879230769230769
65,EFNA5,0.835384615384615,SERINC2,0.841538461538462,CENPW,0.867692307692308,NKAIN3,0.878461538461539
66,SV2A,0.833076923076923,CALN1,0.84,DMD,0.867692307692308,AGTR1,0.878461538461539
67,IFNLR1,0.830769230769231,POU6F2,0.84,LIN28B,0.866051064936904,GDF7,0.877692307692308
68,TPM1,0.830769230769231,FAM43B,0.838461538461538,SLC5A8,0.864871311358914,KIAA0319,0.877692307692308
69,FRMPD2,0.828461538461538,INSM2,0.837692307692308,PCK2,0.863846153846154,TOX,0.876923076923077
70,AC092675.3,0.827851525219546,SRGAP1,0.836153846153846,CDKAL1,0.863846153846154,CPNE4,0.876153846153846
71,TGIF1,0.827692307692308,DCC,0.835384615384615,PCOLCE2,0.863076923076923,MCC,0.876153846153846
72,SVIL,0.827692307692308,CXorf57,0.835384615384615,SAMD3,0.861538461538462,GNAL,0.874615384615385
73,PDGFRA,0.826923076923077,TRHDE,0.834615384615385,LHX9,0.861319500449147,IGSF21,0.872307692307692
74,HSD17B14,0.826923076923077,CTC-360G5.1,0.833846153846154,PALMD,0.860769230769231,TMEM35,0.871538461538462
75,SYT14,0.826153846153846,MMP17,0.833076923076923,MAP7,0.858461538461538,LRRC38,0.870769230769231
76,COLGALT2,0.824615384615385,KCNT2,0.832307692307692,FGFBP3,0.857692307692308,TFAP2D,0.870276757054907
77,STON2,0.824615384615385,KLHL4,0.832307692307692,BTC,0.857692307692308,SMOC1,0.87
78,NKX6-1,0.823846153846154,TEX15,0.831538461538462,DENND1A,0.856923076923077,GRIK4,0.87
79,LEF1,0.823076923076923,IRX1,0.83,PRPH2,0.856153846153846,NIM1,0.867692307692308
80,ETFB,0.820769230769231,NDP,0.829230769230769,LAPTM4B,0.854615384615385,LPPR3,0.866923076923077
81,ST6GAL2,0.82,BCL11A,0.828461538461538,LRRC34,0.854615384615385,ACVR1,0.865384615384615
82,SLC13A3,0.82,EPB41L4B,0.827692307692308,HTR1A,0.854615384615385,MLLT3,0.864615384615385
83,BCAT2,0.817692307692308,IGLON5,0.826923076923077,HLX,0.853846153846154,CD200,0.863846153846154
84,EFNA4,0.816923076923077,SLITRK2,0.826153846153846,RALGPS2,0.853076923076923,PTGER2,0.862307692307692
85,TH,0.815242735793939,IL17RB,0.825384615384615,USH2A,0.850769230769231,CAP2,0.861538461538462
86,NXPH3,0.813846153846154,CXCR4,0.824615384615385,RPRM,0.85,DPYSL4,0.861538461538462
87,ZHX2,0.813846153846154,SLC6A15,0.824615384615385,EGLN3,0.85,DGKB,0.861538461538462
88,MMP14,0.811538461538462,SPNS2,0.823076923076923,ARL6,0.85,PNMAL2,0.860769230769231
89,MYO3B,0.811538461538462,TRIM71,0.823076923076923,GLIPR2,0.849230769230769,FAM222A,0.860769230769231
90,ATF3,0.810769230769231,PALM,0.823076923076923,ELL2,0.849230769230769,GPR139,0.860039107515897
91,MINOS1-NBL1,0.810769230769231,TPBGL,0.823076923076923,JMY,0.849230769230769,CELF5,0.86
92,RP11-834C11.12,0.808776002766186,SOX2,0.821538461538462,SORBS2,0.848461538461538,MYB,0.86
93,HS3ST3B1,0.807692307692308,PHACTR3,0.820769230769231,ELSPBP1,0.845858988234699,PDS5B,0.86
94,EBF2,0.807692307692308,PCBP3,0.819230769230769,RP1,0.844615384615385,LONRF2,0.858461538461538
95,HOXD8,0.806774680936778,SHANK2,0.818461538461539,CEACAM21,0.843076923076923,KL,0.858461538461538
96,EN1,0.806153846153846,UBASH3B,0.818461538461539,DENND2C,0.842307692307692,RHBDL3,0.857692307692308
97,LDLRAD3,0.803846153846154,PDE3A,0.816153846153846,RGS6,0.841538461538462,AIF1L,0.856923076923077
98,AC096677.1,0.803846153846154,CACNG7,0.816153846153846,TMEM244,0.841416723534254,GFRA2,0.853076923076923
99,RNF43,0.803076923076923,UBE2QL1,0.813846153846154,AGBL1,0.840769230769231,AKR1C1,0.851538461538462
100,APP,0.802307692307692,KRT17,0.813846153846154,NEFM,0.840769230769231,DTX1,0.847692307692308
101,CLYBL,0.802307692307692,GLDC,0.813846153846154,CABP5,0.840290348180773,C1orf216,0.846923076923077
102,IFT57,0.801538461538462,HS6ST1,0.813076923076923,MARCH1,0.833076923076923,ST6GAL1,0.844615384615385
103,PAX3,0.800769230769231,WDR72,0.812463950401339,GPR61,0.830769230769231,NALCN,0.843846153846154
104,COL4A5,0.8,MBNL1,0.810769230769231,KCNH1,0.829230769230769,EPHA5,0.843846153846154
105,HOXC4,0.8,PCDH11X,0.810769230769231,C1orf173,0.828461538461538,HECA,0.843076923076923
106,SERTAD4,0.799230769230769,FABP7,0.809230769230769,C21orf90,0.828461538461538,CDYL2,0.842307692307692
107,PCCA,0.795384615384615,CLIP2,0.808461538461538,MYC,0.826923076923077,PDZD4,0.841538461538462
108,CA11,0.793076923076923,EGFR,0.808461538461538,RP11-1085N6.3,0.823846153846154,IPCEF1,0.841538461538462
109,GALNT7,0.790769230769231,KCNJ4,0.807692307692308,ALS2CR12,0.823076923076923,SNCA,0.840769230769231
110,SCARA3,0.79,NUAK2,0.806923076923077,CNGB1,0.823076923076923,DIRAS3,0.839230769230769
111,ARHGEF28,0.79,CECR2,0.806153846153846,ANKRD33B,0.822307692307692,MAB21L1,0.839230769230769
112,NCMAP,0.789382588174028,PDLIM3,0.806153846153846,STRADB,0.822307692307692,PDE4B,0.838461538461538
113,FZD7,0.788461538461539,PRKD1,0.805384615384615,WASF3,0.82,RHEB,0.836923076923077
114,DNAH2,0.788461538461539,EPB41L4A,0.805384615384615,TGFBR3,0.82,NRXN2,0.836153846153846
115,PDGFD,0.786923076923077,CPNE2,0.803846153846154,BSPH1,0.819913827706012,CDK14,0.835384615384615
116,RORA,0.786153846153846,CYP11A1,0.801538461538462,SLITRK1,0.818461538461539,TMEM132B,0.835384615384615
117,SDK1,0.786153846153846,ADAMTS12,0.8,TCF7L2,0.816923076923077,CSRP2,0.833846153846154
118,PTPRD,0.786153846153846,IL17RD,0.799230769230769,ERI3,0.816923076923077,RUNDC3B,0.833076923076923
119,SH3D19,0.785384615384615,TMEM229B,0.797692307692308,PRICKLE2,0.816153846153846,MTSS1,0.828461538461538
120,PITX1,0.785151005099021,RAB36,0.797692307692308,C7orf33,0.815507591368068,SLC6A3,0.827692307692308
121,SYK,0.783846153846154,RPL4,0.796923076923077,GAS2,0.813846153846154,PCDHB7,0.827692307692308
122,CREB3L2,0.783076923076923,CXXC11,0.796533270469759,KCNMA1,0.813076923076923,CMPK2,0.827692307692308
123,SLC39A8,0.782307692307692,PDE3B,0.796153846153846,NSG2,0.812307692307692,RPH3A,0.827692307692308
124,DACT1,0.782307692307692,NFATC1,0.795384615384615,PCSK2,0.81,GLRA2,0.827692307692308
125,ZNRF3,0.781538461538462,IQSEC2,0.795384615384615,IQCK,0.806153846153846,ELMOD1,0.826923076923077
126,AC007405.2,0.781538461538462,CSMD1,0.793076923076923,ARNTL,0.805384615384615,ST18,0.826153846153846
127,ALK,0.781538461538462,ANKRD6,0.791538461538462,CBLB,0.804615384615385,PTPRZ1,0.826153846153846
128,CDKL1,0.780769230769231,ASPDH,0.791538461538462,SLC8A1,0.801538461538462,TMTC2,0.826153846153846
129,CNTN6,0.78,GLI2,0.790769230769231,TDRD9,0.801538461538462,CNTNAP2,0.824615384615385
130,HAND2,0.777558994998614,EPB41L4A-AS2,0.790769230769231,DISC1,0.800769230769231,KCTD8,0.822307692307692
131,GPC6,0.776923076923077,CNTN2,0.79,SSX2IP,0.800769230769231,PRX,0.821538461538462
132,PLEKHO2,0.776153846153846,ITGA7,0.79,NKX3-2,0.795384615384615,FXYD6,0.820769230769231
133,PDIA2,0.776153846153846,MYO3A,0.79,MACROD2,0.795384615384615,B3GAT1,0.82
134,SLFN11,0.771538461538462,TMSB15A,0.789230769230769,BCMO1,0.793846153846154,ST3GAL6,0.82
135,SHC1,0.771538461538462,GPR85,0.787692307692308,SMAD9,0.793076923076923,NCAM2,0.819230769230769
136,ERICH2,0.771538461538462,MTMR7,0.786923076923077,PRKG2,0.792307692307692,PDE1C,0.818461538461539
137,VSTM2A,0.770769230769231,CLMP,0.786923076923077,WSCD1,0.791538461538462,FHDC1,0.818461538461539
138,TMEM51,0.770769230769231,FUT8,0.785384615384615,TAC1,0.790769230769231,SNN,0.816923076923077
139,TM2D1,0.77,RBMS3,0.784615384615385,ARL4D,0.790769230769231,TMEM150C,0.816153846153846
140,LRRC16B,0.77,CDH7,0.783846153846154,XK,0.788461538461539,CADPS2,0.816153846153846
141,LGR5,0.769230769230769,TSPAN18,0.783076923076923,TPD52,0.788461538461539,GRIN3A,0.816153846153846
142,CRABP2,0.768461538461539,SDC2,0.783076923076923,HMGN5,0.787692307692308,PTCHD2,0.816153846153846
143,CPNE9,0.767692307692308,ABLIM3,0.782307692307692,RASGRF2,0.786923076923077,PCDH17,0.815384615384615
144,MYOT,0.765384615384615,MGP,0.781538461538462,ARHGAP28,0.784615384615385,MGAT5,0.812307692307692
145,EDA,0.764615384615385,HS3ST5,0.780769230769231,ERI1,0.783846153846154,ADCY1,0.811538461538462
146,SYNDIG1,0.764615384615385,RAI14,0.78,DMRTA2,0.779230769230769,ROGDI,0.811538461538462
147,GPR161,0.763846153846154,FAM126A,0.779230769230769,VRK1,0.779230769230769,PTHLH,0.810769230769231
148,TMEM260,0.763846153846154,FRMD4A,0.779230769230769,LMO1,0.779230769230769,SYNJ2,0.81
149,PRPH,0.763846153846154,FAT1,0.776923076923077,DTD2,0.777692307692308,LHX5,0.809272441342984
150,INADL,0.762307692307692,SLC2A3,0.776153846153846,NXPH4,0.777692307692308,PLXNA2,0.808461538461538
151,TWIST2,0.762167843135043,SIK1,0.775384615384615,REEP1,0.777692307692308,FMN2,0.807692307692308
152,SIRPA,0.760769230769231,ABTB2,0.774615384615385,EPHA8,0.775384615384615,CBLN4,0.807692307692308
153,TNC,0.760769230769231,NYAP1,0.773846153846154,DGKI,0.775384615384615,FBXO11,0.807692307692308
154,DSCR4,0.759529250173788,LPHN2,0.773846153846154,OSBPL6,0.774615384615385,SLC24A4,0.806923076923077
155,TYW3,0.759230769230769,ISPD,0.773076923076923,ZNF311,0.773076923076923,KHDRBS2,0.806153846153846
156,CACHD1,0.759230769230769,RPL18,0.773076923076923,EIF2B3,0.773076923076923,BRI3BP,0.805384615384615
157,RGL1,0.758461538461539,ST8SIA5,0.770769230769231,CLIP4,0.772307692307692,C3orf58,0.804615384615385
158,EMC1,0.758461538461539,PBX4,0.769230769230769,CDH8,0.769230769230769,ARID5B,0.804615384615385
159,SOX6,0.756153846153846,MAP3K1,0.768461538461539,LPPR1,0.768461538461539,EPHB1,0.802307692307692
160,ADAM19,0.756153846153846,DOCK10,0.768461538461539,NUP93,0.768461538461539,NETO2,0.802307692307692
161,PAM,0.753846153846154,RASGEF1C,0.767692307692308,TULP1,0.766923076923077,FXYD6-FXYD2,0.801538461538462
162,SERPINH1,0.752307692307692,TRPS1,0.767692307692308,CACNA1G,0.766153846153846,NAA35,0.801538461538462
163,CA10,0.752307692307692,GPRC5C,0.766923076923077,RXRG,0.766153846153846,MPPED1,0.800769230769231
164,FZD10,0.751538461538462,NABP1,0.766153846153846,CAMKV,0.764615384615385,BEX5,0.800769230769231
165,NTN5,0.751538461538462,ARAP3,0.766153846153846,C5orf30,0.764615384615385,PDE7B,0.800769230769231
166,PMP22,0.750769230769231,CPLX1,0.765384615384615,TMEM233,0.763076923076923,FAM19A2,0.8
167,ABCD2,0.750769230769231,KIF26A,0.764615384615385,PPTC7,0.762307692307692,NFIB,0.8
168,KRT83,0.750603148706849,PLCXD3,0.764615384615385,TRPC7,0.760695053656171,RPGRIP1,0.8
169,DSCR8,0.749291163009122,PBX1,0.762307692307692,NOS1AP,0.759230769230769,LONRF1,0.799230769230769
170,PKDCC,0.749230769230769,PRLR,0.761538461538462,MPP4,0.759230769230769,MEIS3,0.799230769230769
171,AKAP12,0.749230769230769,SLC45A1,0.76,ALDH4A1,0.757692307692308,DDX31,0.799230769230769
172,CCNJL,0.747692307692308,PDE1A,0.76,LRAT,0.757692307692308,CDKN2B,0.798461538461538
173,NAV2,0.747692307692308,BCL2L11,0.76,GCLC,0.756923076923077,DCX,0.796923076923077
174,EPDR1,0.747692307692308,PLEKHA6,0.759230769230769,KIAA1107,0.756153846153846,FGF13,0.796153846153846
175,CHRM4,0.747692307692308,TCEB2,0.757692307692308,ATP2B3,0.755914612944428,PEX5L,0.796153846153846
176,RAB11FIP4,0.744615384615385,SFRP1,0.756923076923077,RIMS2,0.755384615384615,FBXO28,0.795384615384615
177,ANXA6,0.744615384615385,TGDS,0.756153846153846,PYY,0.753221787351241,AFF2,0.795384615384615
178,ARHGAP20,0.743846153846154,DAAM1,0.755384615384615,HIP1,0.753076923076923,PCDHB8,0.795384615384615
179,IQSEC3,0.743846153846154,CMIP,0.755384615384615,CCIN,0.753076923076923,RASAL1,0.795384615384615
180,ADAMTS5,0.743076923076923,PAWR,0.754615384615385,CRY1,0.749230769230769,PLCL2,0.795384615384615
181,KAZN,0.742307692307692,KCNA3,0.753846153846154,DYRK2,0.747692307692308,PPP2R3A,0.794615384615385
182,MFHAS1,0.741538461538461,SULT1C4,0.753846153846154,LRRTM2,0.747692307692308,RASSF8,0.793846153846154
183,ILVBL,0.741538461538461,PABPC5,0.753846153846154,CLIC6,0.746153846153846,DCBLD2,0.793076923076923
184,SLC35D3,0.741296416867131,MPST,0.753076923076923,SH3RF1,0.746153846153846,CXXC4,0.791538461538462
185,CRYZ,0.74,MTERFD1,0.752307692307692,VSTM2L,0.744615384615385,CSPG5,0.791538461538462
186,ZNRF2,0.739230769230769,NOX4,0.751538461538462,TRAK2,0.743846153846154,SLC16A14,0.790769230769231
187,LGI4,0.738461538461539,SCG5,0.750769230769231,CD70,0.743482704381144,SPIRE1,0.79
188,SP9,0.738218901903489,HIST3H2A,0.75,COL27A1,0.742307692307692,CCSER1,0.789230769230769
189,PRKCA,0.737692307692308,SH3BGRL,0.75,FRY,0.742307692307692,SH3GL3,0.787692307692308
190,ACE,0.737692307692308,BTBD17,0.749230769230769,PDC,0.74193378208035,AKT3,0.786923076923077
191,SIX5,0.736153846153846,KIF21A,0.749230769230769,FBXL17,0.740769230769231,FGF9,0.786923076923077
192,DPM3,0.735384615384615,CYFIP1,0.748461538461538,ACVR2A,0.740769230769231,PTPRN2,0.786923076923077
193,AC069368.3,0.735384615384615,DGKQ,0.748461538461538,MCF2L2,0.74,MYT1L,0.786923076923077
194,EGFLAM,0.734615384615385,CHRNA5,0.748461538461538,ABCG4,0.739230769230769,C11orf63,0.785384615384615
195,WFS1,0.733846153846154,CNR1,0.748461538461538,HSPB8,0.738461538461539,EFNB1,0.783846153846154
196,S100A6,0.733076923076923,TMEM144,0.747692307692308,PTPRU,0.737692307692308,CTD-2162K18.4,0.783846153846154
197,SHISA2,0.733076923076923,ITPR3,0.746153846153846,AC016559.1,0.736923076923077,PIP4K2A,0.783846153846154
198,ADAMTS20,0.732307692307692,MDFIC,0.746153846153846,GAS7,0.736153846153846,IL13RA2,0.781538461538462
199,KANK1,0.732307692307692,PRKCZ,0.745384615384615,KANSL2,0.735384615384615,SH3PXD2A,0.781538461538462
200,HOXD10,0.73192040016525,RPS6KA2,0.745384615384615,AFF1,0.733846153846154,EBF1,0.78
201,CCDC8,0.731538461538462,ROR1,0.745384615384615,MTRR,0.732307692307692,ABCC9,0.779230769230769
202,RAB3IL1,0.731538461538462,KLF13,0.744615384615385,RP11-565P22.6,0.730769230769231,TJP1,0.778461538461538
203,SVEP1,0.73,AC011897.1,0.743846153846154,LRRC2,0.726923076923077,CA4,0.778461538461538
204,NLRP11,0.728461538461538,SH3BGRL3,0.743846153846154,ERLIN1,0.726153846153846,MAP2,0.778461538461538
205,EPHA7,0.728461538461538,CA14,0.743076923076923,FAM180B,0.726153846153846,NRG2,0.776153846153846
206,RGN,0.728461538461538,GCK,0.742307692307692,KCNC4,0.725384615384615,TSHZ1,0.776153846153846
207,C1orf95,0.727692307692308,SEMA4C,0.742307692307692,TTLL5,0.725384615384615,SOX4,0.775384615384615
208,ASCL5,0.727692307692308,KCND2,0.741538461538461,NANOS1,0.721538461538462,TBC1D12,0.775384615384615
209,ATP8A2,0.727692307692308,BARD1,0.741538461538461,ZNF736,0.720769230769231,MED13L,0.773076923076923
210,LRRC53,0.727447599530744,LHFPL2,0.739230769230769,AKNA,0.720769230769231,PGAP1,0.772307692307692
211,IRX2,0.726923076923077,HHIP,0.738461538461539,FGFBP2,0.72,ARHGEF12,0.771538461538462
212,ESPNL,0.726923076923077,GYPC,0.738461538461539,BCOR,0.72,KLHL13,0.770769230769231
213,ZDHHC2,0.726153846153846,PCNXL2,0.737692307692308,MAPKAPK5,0.719230769230769,RYBP,0.769230769230769
214,GALNT15,0.726153846153846,EDA2R,0.736153846153846,PHYHIPL,0.719230769230769,NBEA,0.769230769230769
215,ADAM11,0.725384615384615,AL009178.1,0.735141386939848,YIPF5,0.715384615384615,SOX11,0.768461538461539
216,ACSL6,0.724615384615385,HDAC4,0.734615384615385,ART3,0.715384615384615,TSPAN2,0.767692307692308
217,DYRK4,0.724615384615385,TFDP2,0.733846153846154,CTD-3214H19.16,0.714615384615385,SIX1,0.766153846153846
218,MRPL32,0.724615384615385,INSM1,0.733846153846154,DDX55,0.713846153846154,C16orf95,0.765384615384615
219,EXT1,0.722307692307692,RPL14,0.733846153846154,C7orf73,0.713846153846154,ABRACL,0.764615384615385
220,PRELID2,0.722307692307692,ATP2B4,0.733076923076923,SPATS2L,0.713076923076923,KRAS,0.763846153846154
221,TSPAN11,0.722307692307692,NMU,0.732307692307692,MARS,0.712307692307692,TMEM178B,0.763076923076923
222,AK5,0.722307692307692,KHDRBS3,0.732307692307692,SLC43A2,0.710769230769231,CAMTA1,0.762307692307692
223,LMO2,0.721538461538462,C11orf70,0.730769230769231,PTPRF,0.710769230769231,ERC1,0.760769230769231
224,SEL1L3,0.721538461538462,COL25A1,0.73,ZNF154,0.71,CDH1,0.759230769230769
225,WNT11,0.720769230769231,PLEKHG4B,0.73,MC4R,0.70782844163753,PITPNM3,0.758461538461539
226,COL13A1,0.720769230769231,SYT7,0.73,C11orf96,0.706923076923077,TCEAL2,0.758461538461539
227,PKP4,0.718461538461538,ESRRB,0.729230769230769,NLN,0.706153846153846,KIF1A,0.758461538461539
228,PALD1,0.718461538461538,PGBD5,0.728461538461538,TRAF3IP2,0.706153846153846,KCNJ11,0.758461538461539
229,NHS,0.717692307692308,F3,0.728461538461538,FAM183A,0.706153846153846,KIAA2022,0.757692307692308
230,PLA2G16,0.716153846153846,IGFBP5,0.727692307692308,LRRC3,0.705384615384615,GLRB,0.757692307692308
231,DLX3,0.716153846153846,C6orf123,0.726923076923077,TRIP10,0.703076923076923,LPHN3,0.756923076923077
232,RHOU,0.716153846153846,TBX18,0.726923076923077,ASS1,0.702307692307692,TCEAL6,0.756153846153846
233,RAVER2,0.715384615384615,EP400,0.726153846153846,ETV1,0.701538461538462,ENOX1,0.755384615384615
234,NECAB1,0.713846153846154,C16orf89,0.725384615384615,IGF2BP1,0.701350049470228,GRM8,0.753076923076923
235,MSX2,0.713846153846154,HAPLN3,0.724615384615385,LPGAT1,0.700769230769231,NHSL2,0.751538461538462
236,YAP1,0.711538461538462,TWF2,0.724615384615385,DOCK9,0.700769230769231,RELN,0.748461538461538
237,KREMEN1,0.711538461538462,SYCE1L,0.724615384615385,ANKRD37,0.699230769230769,SORBS1,0.748461538461538
238,LRP4,0.711538461538462,NPM1,0.723076923076923,CHGA,0.699230769230769,ELAVL2,0.747692307692308
239,SERINC5,0.710769230769231,FAM84A,0.722307692307692,CASZ1,0.698461538461539,KIAA1586,0.746923076923077
240,PDZRN3,0.710769230769231,SLC8A2,0.721538461538462,SHROOM3,0.696153846153846,KCTD10,0.746923076923077
241,KCNG4,0.710180874914072,FHL2,0.721538461538462,SPAG6,0.696153846153846,SLC26A11,0.745384615384615
242,ARHGAP24,0.71,NTS,0.721388622312235,PMEPA1,0.695384615384615,TAL1,0.745384615384615
243,SEC61B,0.709230769230769,OPHN1,0.720769230769231,FAM149A,0.694615384615385,C1orf115,0.743846153846154
244,ITGA8,0.709230769230769,PPM1H,0.72,DLEU7,0.690769230769231,CPEB4,0.742307692307692
245,ADAMTS1,0.708461538461538,WNT5A,0.719230769230769,B9D2,0.69,BTN2A2,0.741538461538461
246,DDC,0.70782844163753,FAM213B,0.719230769230769,C1QTNF4,0.689230769230769,RP11-508N12.4,0.741538461538461
247,COL12A1,0.706153846153846,ABCB9,0.717692307692308,CCDC177,0.689230769230769,THBS1,0.740769230769231
248,LURAP1L,0.706153846153846,FGF5,0.717692307692308,GUCA1C,0.687367856034893,B3GNT8,0.740769230769231
249,FGF18,0.706153846153846,RGS9,0.717692307692308,ATP6V1B2,0.686923076923077,AACS,0.74
250,TENM2,0.706153846153846,TCF4,0.716153846153846,RP11-176H8.1,0.686923076923077,NPR2,0.74
251,IGSF11,0.705384615384615,EYA1,0.715384615384615,ZNF491,0.684615384615385,SH2B2,0.74
252,MID1,0.705384615384615,LRP5L,0.714615384615385,IFT43,0.680769230769231,CMC1,0.738461538461539
253,NAV3,0.704615384615385,COL21A1,0.713846153846154,CAMK2D,0.680769230769231,SCN3B,0.736923076923077
254,PHF21B,0.704615384615385,BNC1,0.713846153846154,TARS2,0.679230769230769,PPM1L,0.736923076923077
255,RTTN,0.703846153846154,RPL7,0.713076923076923,SSBP3,0.674615384615385,PRKAR2B,0.733846153846154
256,GOLGA7B,0.703846153846154,TTBK1,0.711538461538462,MBOAT2,0.674615384615385,DLG2,0.733076923076923
257,NGF,0.703846153846154,GMPS,0.711538461538462,TAP1,0.674615384615385,SNX16,0.733076923076923
258,TPO,0.70376961554351,CNKSR2,0.711538461538462,PVRL1,0.673076923076923,DLC1,0.733076923076923
259,MAN1C1,0.702307692307692,TBCB,0.710769230769231,GNGT1,0.672437019555653,MAGI2,0.731538461538462
260,NTPCR,0.702307692307692,NTNG2,0.709230769230769,VPS13A,0.671538461538462,SBK1,0.730769230769231
261,TST,0.702307692307692,OPRM1,0.707692307692308,ISL2,0.671285803222205,CHST1,0.730769230769231
262,MATN4,0.700769230769231,PRIMA1,0.707692307692308,CNTNAP5,0.670769230769231,CIRH1A,0.729230769230769
263,TRIB2,0.700769230769231,GABRA2,0.707692307692308,UGCG,0.67,RADIL,0.729230769230769
264,KCNIP1,0.700769230769231,KIAA0922,0.706923076923077,DNAJB2,0.67,ATP6V0A2,0.729230769230769
265,SNX21,0.7,PROX1,0.706153846153846,PROM1,0.669230769230769,PER2,0.726923076923077
266,NENF,0.7,PFDN5,0.702307692307692,NUP205,0.668461538461539,AP5M1,0.726923076923077
267,MAML2,0.699230769230769,TLR9,0.7,LRRC39,0.668461538461539,TMEM155,0.726923076923077
268,PSMG1,0.698461538461539,POLR1D,0.7,TACR3,0.667692307692308,KALRN,0.726153846153846
269,RCN1,0.698461538461539,NLRP1,0.7,SLC35F3,0.665384615384615,GRIA2,0.726153846153846
270,SMARCD2,0.698461538461539,SLC44A3,0.7,RTN4RL1,0.663846153846154,HRASLS,0.726153846153846
271,PDZK1,0.697692307692308,GNG3,0.698461538461539,MYLIP,0.663076923076923,CELF4,0.724615384615385
272,COL6A3,0.697692307692308,ST8SIA1,0.697692307692308,ZNF433,0.663076923076923,MID2,0.723846153846154
273,ECEL1,0.696923076923077,CRIP2,0.697692307692308,JAZF1,0.660769230769231,DACH1,0.723846153846154
274,ITGA6,0.696923076923077,ZNF43,0.696923076923077,GLCCI1,0.66,PRKACB,0.723846153846154
275,IRX5,0.696923076923077,ACTR3B,0.696153846153846,KCNQ3,0.659230769230769,C1orf204,0.723076923076923
276,CALHM2,0.695384615384615,LINC00632,0.696153846153846,ZADH2,0.657692307692308,TNIK,0.723076923076923
277,FZD2,0.694615384615385,FAM198B,0.695384615384615,ASUN,0.656923076923077,CHN2,0.722307692307692
278,RAB11FIP2,0.694615384615385,FBXL16,0.695384615384615,RBM23,0.655384615384615,RSPO2,0.721538461538462
279,SIL1,0.693846153846154,PBX3,0.694615384615385,MAP3K4,0.653076923076923,NPY1R,0.721538461538462
280,PDE11A,0.693846153846154,MDFI,0.693076923076923,WBP11,0.653076923076923,DPYSL3,0.721538461538462
281,NPS,0.693664745324878,TNFRSF18,0.692840851949523,USP49,0.652307692307692,EIF4E,0.720769230769231
282,CELF6,0.693076923076923,VSTM4,0.692307692307692,BCL11B,0.651538461538462,GSPT2,0.72
283,LDLRAP1,0.692307692307692,PPARGC1B,0.692307692307692,REL,0.650769230769231,DPYSL5,0.718461538461538
284,SLC25A21-AS1,0.692307692307692,CLDN4,0.692307692307692,ST5,0.650769230769231,BEGAIN,0.716923076923077
285,MAPK4,0.691538461538462,MAPKAPK2,0.691538461538462,ARHGAP18,0.65,IFFO2,0.716923076923077
286,CUBN,0.688461538461538,RARB,0.691538461538462,CNGB3,0.64822398288231,PRKX,0.715384615384615
287,RNF215,0.688461538461538,GINS4,0.690769230769231,XKR9,0.647692307692308,SDSL,0.715384615384615
288,ERO1LB,0.688461538461538,CACNG4,0.690769230769231,SLC13A4,0.647692307692308,TMEM167A,0.715384615384615
289,TENM3,0.687692307692308,EXOC3L1,0.687692307692308,MSH3,0.647692307692308,GPR21,0.714615384615385
290,ERP44,0.687692307692308,CRISPLD2,0.686923076923077,HMGA1,0.646923076923077,MSRB2,0.713846153846154
291,TMEFF2,0.686153846153846,FAXDC2,0.685384615384615,CAV1,0.646923076923077,RGS7BP,0.713846153846154
292,KLHL42,0.686153846153846,LSM6,0.684615384615385,CCPG1,0.646923076923077,MYO10,0.713076923076923
293,DDR2,0.685384615384615,SNAPC1,0.684615384615385,ZNF649,0.646153846153846,KCNH7,0.713076923076923
294,VLDLR,0.684615384615385,TMEM121,0.684615384615385,NDUFAF2,0.646153846153846,KCTD1,0.713076923076923
295,FBXO17,0.683846153846154,CRB1,0.684615384615385,NISCH,0.646153846153846,GTF3C4,0.712307692307692
296,ARHGAP5,0.683846153846154,AIFM1,0.683846153846154,LACTB2,0.645384615384615,PHF17,0.711538461538462
297,MAGEC3,0.683846153846154,TTLL1,0.683846153846154,DIRAS2,0.643846153846154,CERS1,0.711538461538462
298,OSBPL3,0.683076923076923,KRT31,0.681874560837712,STAU2,0.643076923076923,LARP1B,0.710769230769231
299,CD226,0.683076923076923,MPG,0.681538461538462,TMEM132D,0.642307692307692,PPP1R21,0.71
300,RNF183,0.682852905308376,PIRT,0.681538461538462,UCHL3,0.640769230769231,DLG3,0.71
301,CLU,0.682307692307692,NDUFS4,0.681538461538462,ENAH,0.64,GNAZ,0.709230769230769
302,STIM2,0.681538461538462,ADAMTS14,0.680769230769231,FAM184A,0.638461538461539,DAPK2,0.706923076923077
303,CDC14A,0.681538461538462,SACS,0.680769230769231,SLC35B4,0.638461538461539,CADPS,0.706923076923077
304,GAD1,0.68,ZNF93,0.68,RGS16,0.636923076923077,SLC7A14,0.706923076923077
305,GJA3,0.678427967747794,H2AFZ,0.679230769230769,SLC15A4,0.636923076923077,CLIP1,0.705384615384615
306,SIPA1L2,0.677692307692308,PDRG1,0.677692307692308,PTDSS1,0.635384615384615,ALS2,0.705384615384615
307,TTC6,0.676923076923077,RND3,0.677692307692308,RCOR1,0.634615384615385,GDF1,0.705384615384615
308,FAM13C,0.676923076923077,GRID1,0.676923076923077,MTFR1,0.633076923076923,RNF144A,0.703076923076923
309,SUMF1,0.676153846153846,A4GALT,0.676153846153846,FAM135B,0.629230769230769,DIRC2,0.702307692307692
310,ZNF804B,0.676153846153846,PRDM13,0.675916476247682,RNASEH2B,0.629230769230769,SLC35G1,0.702307692307692
311,RIN1,0.675384615384615,TLX3,0.675330123146206,WWC1,0.626923076923077,H3F3C,0.702307692307692
312,COL5A1,0.675384615384615,GTF3A,0.674615384615385,DLGAP2,0.626923076923077,SLC16A7,0.701538461538462
313,PTGS1,0.675384615384615,GRHPR,0.673846153846154,EFHC1,0.626153846153846,GNA12,0.701538461538462
314,KIRREL3,0.675384615384615,RASSF9,0.673846153846154,ZBTB9,0.625384615384615,TMEM132E,0.701538461538462
315,TEF,0.674615384615385,SMOC2,0.673846153846154,IRX6,0.624326589923404,NNAT,0.700769230769231
316,ALX4,0.674615384615385,RPS6KA6,0.673846153846154,C7,0.623846153846154,CACNB3,0.698461538461539
317,MPP1,0.674615384615385,ING1,0.673076923076923,GLB1L2,0.623076923076923,SCRN1,0.696153846153846
318,MYO5B,0.673846153846154,FAM155B,0.673076923076923,CACNA2D4,0.623076923076923,AC004017.1,0.694615384615385
319,CCDC36,0.673846153846154,TCP10L,0.673076923076923,SNX25,0.621538461538461,LRRC7,0.693846153846154
320,SYT9,0.673076923076923,BOC,0.671538461538462,B3GALNT2,0.620769230769231,GCNT4,0.693846153846154
321,PPFIBP2,0.672307692307692,MICAL1,0.670769230769231,HEATR5A,0.618461538461539,MYCBP2,0.693076923076923
322,PPP1R16B,0.671538461538462,RPIA,0.67,IQSEC1,0.617692307692308,OAS3,0.692307692307692
323,VIM,0.671538461538462,RPL22L1,0.668461538461539,B3GALTL,0.617692307692308,PAFAH1B1,0.691538461538462
324,ACCS,0.670769230769231,BMP5,0.667692307692308,LRRC61,0.616923076923077,TANC2,0.690769230769231
325,PRDM1,0.670769230769231,TRIM46,0.666923076923077,NUDT14,0.613076923076923,NIPAL3,0.690769230769231
326,FOXD1,0.67,INPP4B,0.666153846153846,LCORL,0.613076923076923,BLCAP,0.69
327,KCTD16,0.668461538461539,SPATC1L,0.665384615384615,VASH1,0.612307692307692,FIBCD1,0.689230769230769
328,PLCB1,0.668461538461539,KCNG1,0.665384615384615,LARGE,0.611538461538462,CRTC3,0.689230769230769
329,OBSL1,0.668461538461539,HRK,0.664615384615385,C14orf144,0.611538461538462,HINT3,0.687692307692308
330,CEP112,0.668461538461539,DNTT,0.66441577950734,ERMAP,0.610769230769231,TMEM108,0.687692307692308
331,MEGF11,0.668461538461539,TBX15,0.663846153846154,PLSCR2,0.610043157119234,SDCCAG8,0.686923076923077
332,CCDC181,0.667692307692308,FAM110D,0.663846153846154,SPR,0.609230769230769,FBN2,0.686923076923077
333,CDC42EP3,0.666153846153846,ZNF765,0.663846153846154,EIF1B,0.609230769230769,TUBB2A,0.686153846153846
334,FAM179A,0.666153846153846,GAS1,0.663076923076923,FAM169A,0.608461538461538,PHACTR2,0.686153846153846
335,ALCAM,0.666153846153846,TGFB2,0.662307692307692,MED8,0.607692307692308,TMTC4,0.685384615384615
336,OLFM1,0.663846153846154,CYYR1,0.660769230769231,CMSS1,0.606923076923077,DYNC1I1,0.683846153846154
337,FGFR2,0.663076923076923,PRKAG2,0.659230769230769,LRRC3DN,0.606923076923077,FAM161B,0.683846153846154
338,MMP28,0.663076923076923,TCEAL7,0.658461538461538,PIGH,0.605384615384615,GNA11,0.683846153846154
339,HTRA3,0.663076923076923,ALDH1L2,0.658461538461538,ZNF397,0.602307692307692,TRMT11,0.683846153846154
340,LZTFL1,0.663076923076923,DRAM2,0.657692307692308,SST,0.601548885311245,SNRK,0.683076923076923
341,CLDN11,0.662307692307692,RAB26,0.657692307692308,TFB2M,0.601538461538462,NFE2L3,0.683076923076923
342,TSPAN9,0.661538461538462,METRN,0.656923076923077,PARP12,0.600769230769231,PGRMC2,0.683076923076923
343,FAM196A,0.660769230769231,AC005358.1,0.656923076923077,PFKL,0.600769230769231,FLJ30594,0.683076923076923
344,TMEM215,0.660126959701088,ARHGAP11B,0.655384615384615,TEAD3,0.600769230769231,PHACTR1,0.682307692307692
345,HOXD13,0.660052526050114,FAM111B,0.655384615384615,FLAD1,0.596153846153846,NOL4,0.682307692307692
346,SFMBT2,0.66,FLNB,0.653846153846154,SLC17A7,0.593846153846154,TAOK3,0.680769230769231
347,RSRC1,0.66,B4GALT5,0.653076923076923,LRGUK,0.592307692307692,RFX3,0.679230769230769
348,DNASE2,0.66,DIAPH2,0.653076923076923,IMPDH1,0.591538461538462,MRM1,0.679230769230769
349,CNTN5,0.66,SEPTIN11,0.652307692307692,FBXL13,0.590769230769231,FBLIM1,0.679230769230769
350,SLC12A2,0.658461538461538,GRIA4,0.652307692307692,RIMBP2,0.590769230769231,GTDC1,0.678461538461538
351,CCBE1,0.657692307692308,KCNK12,0.652307692307692,SLC6A9,0.590769230769231,C3orf70,0.676923076923077
352,MARVELD1,0.656153846153846,ADK,0.651538461538462,NUPL2,0.59,ANKRD50,0.676153846153846
353,PTGFRN,0.656153846153846,CHSY1,0.651538461538462,SLC29A4,0.589230769230769,LYRM9,0.674615384615385
354,TMPRSS9,0.655384615384615,RPA4,0.650125036069253,TFB1M,0.588461538461538,ADCY5,0.674615384615385
355,PCDH1,0.655384615384615,NOTCH1,0.65,RP11-187E13.1,0.587692307692308,FAM181B,0.674615384615385
356,AHCY,0.655384615384615,MYL7,0.648970967957888,MOK,0.586153846153846,SYNE2,0.673846153846154
357,IFI27L2,0.654615384615385,CPQ,0.647692307692308,TMEM38A,0.585384615384615,TRAF3,0.673076923076923
358,TBC1D30,0.653846153846154,HSPA12A,0.646923076923077,HAX1,0.583076923076923,CLIP3,0.673076923076923
359,CRB2,0.653076923076923,PVRL3,0.646153846153846,C1D,0.582307692307692,PNMA1,0.67282544955987
360,PIEZO2,0.653076923076923,MMS22L,0.645384615384615,DYX1C1,0.580769230769231,SGK223,0.671538461538462
361,TF,0.653076923076923,PODN,0.645384615384615,MCM9,0.579230769230769,NCOA7,0.671538461538462
362,TBX2,0.652307692307692,QSOX1,0.644615384615385,RIOK2,0.578461538461538,NRN1,0.670769230769231
363,IRF8,0.652307692307692,ATP2A3,0.644615384615385,ZSCAN12,0.577692307692308,APC,0.670769230769231
364,GABRD,0.652307692307692,COL5A2,0.644615384615385,OMA1,0.577692307692308,RALGPS1,0.67
365,SELENBP1,0.652307692307692,ESR2,0.643846153846154,C1GALT1,0.576923076923077,TMEM255A,0.67
366,CTNNA1,0.652307692307692,SLC41A2,0.643076923076923,ATP7B,0.576153846153846,SYT13,0.669230769230769
367,PLTP,0.652307692307692,COX4I1,0.642307692307692,CPPED1,0.575384615384615,MAML3,0.667692307692308
368,EMB,0.651538461538462,AASS,0.640769230769231,ABCB8,0.574615384615385,SYNPR,0.667692307692308
369,DCUN1D3,0.651538461538462,SYNGR3,0.640769230769231,FAM114A2,0.573076923076923,ASXL3,0.667692307692308
370,WNT16,0.651538461538462,ZNF286A,0.640769230769231,PRSS12,0.572307692307692,PDE9A,0.666923076923077
371,ALG2,0.651538461538462,CALCB,0.640769230769231,YRDC,0.571538461538462,TRIM67,0.666923076923077
372,LGALSL,0.651538461538462,NRG3,0.64,GNB5,0.570769230769231,SUDS3,0.665384615384615
373,FBXO4,0.650769230769231,SH2D3C,0.64,ATP2C1,0.57,C7orf13,0.665384615384615
374,SHOX2,0.65,MYOCD,0.639230769230769,LRP2,0.57,AKR1C2,0.664615384615385
375,CACNA1S,0.649230769230769,ARHGAP11A,0.636923076923077,PSMA6,0.57,SYT4,0.662307692307692
376,SUSD1,0.648461538461539,RGMB,0.635384615384615,LMNB1,0.566923076923077,MAGI3,0.660769230769231
377,ZFHX3,0.648461538461539,MCCC1,0.635384615384615,C1orf27,0.563846153846154,SBP1,0.659230769230769
378,MMP2,0.648461538461539,UNC13C,0.634615384615385,FKBP5,0.563846153846154,MMD2,0.657692307692308
379,MEGF6,0.647692307692308,FUT9,0.633846153846154,ALKBH3,0.563846153846154,MSRA,0.656923076923077
380,NUDT16,0.647692307692308,SPSB4,0.633846153846154,MOCS2,0.563846153846154,KCNH8,0.656923076923077
381,TSPAN5,0.647692307692308,TEX9,0.633846153846154,XPO4,0.563846153846154,SPATA13,0.656923076923077
382,SOX7,0.647692307692308,SPHK1,0.633076923076923,RPP25,0.563076923076923,BRAP,0.654615384615385
383,E2F7,0.646923076923077,ITGBL1,0.633076923076923,NANS,0.562307692307692,PPAPDC1A,0.653846153846154
384,CACNG5,0.646923076923077,TMEM18,0.631538461538462,WASF1,0.561538461538462,SLC31A1,0.652307692307692
385,RASL10B,0.646153846153846,PREX1,0.63,APCDD1L,0.561538461538462,KLHDC10,0.651538461538462
386,SMIM19,0.646153846153846,RP11-680G10.1,0.63,ABT1,0.560769230769231,MKLN1,0.651538461538462
387,TMEM2,0.643846153846154,PDE7A,0.629230769230769,C5orf22,0.559230769230769,PHTF2,0.650769230769231
388,TMEM261,0.643846153846154,HIST3H2BB,0.628461538461538,MBLAC2,0.558461538461538,POU2F1,0.65
389,MAF,0.643076923076923,TCF12,0.627692307692308,CNNM4,0.558461538461538,STK32C,0.649230769230769
390,PLEKHH2,0.643076923076923,LGALS3,0.627692307692308,CMTR1,0.556923076923077,L3MBTL3,0.648461538461539
391,HHIPL2,0.642307692307692,LRRC18,0.626976115652781,LNP1,0.555384615384615,FAM101A,0.648461538461539
392,AUTS2,0.641538461538462,SLC35D2,0.626923076923077,NAA25,0.554615384615385,DNAJB6,0.647692307692308
393,CRYL1,0.641538461538462,WEE1,0.626923076923077,SDK2,0.553846153846154,KRT222,0.646651461819555
394,BAMBI,0.640769230769231,MZT2A,0.626153846153846,MALSU1,0.553076923076923,NANOS3,0.646153846153846
395,SOCS6,0.64,ADCY8,0.624615384615385,ZNF814,0.551538461538462,CPEB2,0.643846153846154
396,ST3GAL4,0.64,RAB20,0.624615384615385,TDRP,0.551538461538462,SMPD3,0.643076923076923
397,PRRT3,0.64,MID1IP1,0.62,CDK7,0.550769230769231,ENHO,0.641538461538462
398,ALPL,0.639230769230769,MET,0.62,ACADS,0.55,DAPK1,0.641538461538462
399,PKP2,0.638461538461539,TTC9B,0.619230769230769,RASEF,0.55,SLIT3,0.64
400,SEMA6D,0.637692307692308,ZNF486,0.617692307692308,RRP15,0.548461538461538,C10orf85,0.64
401,NKD1,0.637692307692308,CCND1,0.617692307692308,FBXW9,0.547692307692308,PRKRIP1,0.638461538461539
402,GNG11,0.636153846153846,ITPK1,0.617692307692308,SERTAD3,0.546153846153846,SPTAN1,0.638461538461539
403,SCUBE1,0.636153846153846,APIP,0.616923076923077,GK5,0.545384615384615,TRIM9,0.636153846153846
404,COL2A1,0.636153846153846,PLD2,0.616923076923077,POLR3G,0.544615384615385,SPPL3,0.636153846153846
405,BHLHE40,0.636153846153846,KCND3,0.615384615384615,WDR62,0.542307692307692,IGSF3,0.636153846153846
406,LRRC10B,0.636153846153846,MYOZ3,0.615384615384615,GALP,0.540666729899772,AMER2,0.634615384615385
407,RNF212,0.635384615384615,IRAK3,0.615384615384615,POTEF,0.54,APBA1,0.634615384615385
408,FUCA2,0.634615384615385,BTBD3,0.615384615384615,SMYD3,0.54,JPH3,0.633846153846154
409,AP3S2,0.633846153846154,ZNF90,0.615384615384615,FBXO10,0.539230769230769,RGAG4,0.633076923076923
410,SHISA4,0.632307692307692,FOXS1,0.613076923076923,APBB2,0.539230769230769,EPAS1,0.632307692307692
411,PGM5,0.631538461538462,COL8A1,0.613076923076923,RAD54L2,0.537692307692308,KIAA1598,0.631538461538462
412,HOXD9,0.631185837573576,MPEG1,0.612307692307692,KIRREL2,0.536153846153846,COMMD3-BMI1,0.630769230769231
413,GRB10,0.630769230769231,SLC36A1,0.612307692307692,GGA2,0.535384615384615,FOSL2,0.630769230769231
414,CYB5R2,0.63,ZNF85,0.610769230769231,MRPS6,0.533846153846154,KIAA0930,0.63
415,LPIN1,0.63,HIST1H1D,0.610769230769231,TMSB10,0.533846153846154,TET1,0.63
416,PHLDB2,0.629230769230769,PAK7,0.61,DAP3,0.533846153846154,CCDC120,0.629230769230769
417,ANXA2,0.628461538461538,UTP14A,0.609230769230769,SEPHS2,0.533076923076923,KLHL5,0.628461538461538
418,BTD,0.628461538461538,STK25,0.608461538461538,C14orf79,0.533076923076923,RBFOX2,0.628461538461538
419,IL1RAPL1,0.628461538461538,CCNI,0.608461538461538,FEZ2,0.532307692307692,CEP170,0.627692307692308
420,HOXA13,0.628341454728914,COL3A1,0.608461538461538,TTYH3,0.532307692307692,TMEM161B,0.626923076923077
421,LRRC3B,0.627692307692308,FOXP1,0.606923076923077,N4BP3,0.531538461538462,ELOVL5,0.626923076923077
422,PACSIN3,0.627692307692308,FANCL,0.606923076923077,EML1,0.53,GREM2,0.626153846153846
423,FAM211A,0.626923076923077,ZNF621,0.606153846153846,WDR31,0.528461538461539,C1orf61,0.624615384615385
424,SWI5,0.626923076923077,TSPAN12,0.606153846153846,COX7C,0.526153846153846,LRCH1,0.623076923076923
425,JPH1,0.626923076923077,PALLD,0.605384615384615,FZD8,0.526153846153846,MB21D2,0.623076923076923
426,TSC22D2,0.626923076923077,SLC4A11,0.605384615384615,RRP9,0.526153846153846,HCRTR1,0.620888643914659
427,TMEM206,0.626923076923077,RPS27A,0.604615384615385,CDC40,0.525384615384615,SHB,0.62
428,INSIG2,0.626153846153846,FHL1,0.604615384615385,UBE2F,0.525384615384615,DPP6,0.62
429,DLX4,0.626151840095995,MZT2B,0.604615384615385,PDZD2,0.524615384615385,BMI1,0.62
430,AMHR2,0.625963974713977,HMGCLL1,0.603076923076923,GTF2F2,0.523076923076923,PLCXD2,0.619230769230769
431,ADORA1,0.625384615384615,TRAK1,0.602307692307692,KCTD6,0.523076923076923,ABL2,0.619230769230769
432,PTPN14,0.625384615384615,ZEB1,0.602307692307692,PGK1,0.523076923076923,SP2,0.619230769230769
433,PTN,0.624615384615385,ELN,0.601538461538462,PYROXD1,0.523076923076923,SULF1,0.618461538461539
434,NTM,0.624615384615385,DUSP11,0.601538461538462,RNF2,0.522307692307692,TMEM132A,0.616923076923077
435,COL23A1,0.623846153846154,CAV2,0.600769230769231,ARID3B,0.521538461538462,RDH10,0.616153846153846
436,PRICKLE1,0.623846153846154,GBP1,0.600769230769231,AKIRIN1,0.52,C4orf33,0.616153846153846
437,FJX1,0.623076923076923,COL15A1,0.6,SUMO3,0.52,BTBD9,0.616153846153846
438,CACNA1D,0.623076923076923,BCL2,0.6,TNFRSF11A,0.52,NFIA,0.614615384615385
439,STK17A,0.623076923076923,CHPT1,0.6,CRHBP,0.519230769230769,SNAPC3,0.613846153846154
440,BMP2,0.622307692307692,FILIP1L,0.6,IQGAP2,0.519230769230769,NHLRC1,0.613846153846154
441,BACH2,0.622307692307692,LAMC1,0.6,HKR1,0.519230769230769,NSFL1C,0.613846153846154
442,STC2,0.621538461538461,PLCL1,0.598461538461538,MRPS18A,0.518461538461538,GFPT2,0.613076923076923
443,TNNC1,0.621538461538461,SPC25,0.598461538461538,IK,0.516923076923077,PHYH,0.613076923076923
444,SNPH,0.619230769230769,RPL37A,0.596923076923077,PSMB5,0.516923076923077,ELFN2,0.613076923076923
445,RNF170,0.619230769230769,SWT1,0.596153846153846,PPP3R1,0.516153846153846,GOLGA8B,0.612307692307692
446,PLIN3,0.617692307692308,DDX60,0.596153846153846,TRIB1,0.516153846153846,BBS2,0.611538461538462
447,ITGA9,0.616923076923077,FGGY,0.595384615384615,INPP5K,0.516153846153846,CCNH,0.608461538461538
448,C11orf87,0.616923076923077,NCALD,0.595384615384615,BACE1,0.515384615384615,C12orf5,0.608461538461538
449,SNTG1,0.616923076923077,CTC-786C10.1,0.594615384615385,CABP2,0.515061754175353,TMCC3,0.608461538461538
450,OSR2,0.616186114891701,RPL34,0.593846153846154,PDHB,0.514615384615385,TP53INP2,0.607692307692308
451,TMEM151A,0.615384615384615,MND1,0.593846153846154,AZIN1,0.513846153846154,TOR3A,0.606153846153846
452,OXSM,0.615384615384615,EBPL,0.593846153846154,ZBED6CL,0.513076923076923,TCEAL5,0.606153846153846
453,CCDC3,0.613846153846154,MAN2A1,0.592307692307692,UBE2H,0.513076923076923,CHRD,0.605384615384615
454,PTPRT,0.613846153846154,PCDHB2,0.592307692307692,PTPN13,0.512307692307692,TMEM86A,0.605384615384615
455,KCNH5,0.613076923076923,TFAP4,0.591538461538462,ASAP1,0.512307692307692,FAM13B,0.604615384615385
456,CAND2,0.613076923076923,PARP4,0.587692307692308,TMEM183A,0.510769230769231,HAGH,0.604615384615385
457,CYP39A1,0.613076923076923,MIPEP,0.587692307692308,PROSER2,0.509230769230769,SYNRG,0.604615384615385
458,PVR,0.613076923076923,LPP,0.586923076923077,ACTR1B,0.509230769230769,ASAP2,0.602307692307692
459,COLEC12,0.612307692307692,MANEA,0.585384615384615,ARHGAP44,0.508461538461539,MAPK14,0.602307692307692
460,TMEM196,0.612307692307692,HIVEP3,0.584615384615385,ETS2,0.506923076923077,MCF2L,0.601538461538462
461,LRRN1,0.611538461538462,ADAMTS6,0.584615384615385,PNO1,0.505384615384615,NR3C2,0.6
462,SGCD,0.610769230769231,SYPL1,0.583076923076923,MAP4,0.503846153846154,MYO6,0.599230769230769
463,FAT3,0.610769230769231,LGR4,0.582307692307692,DST,0.503076923076923,BTRC,0.598461538461538
464,TRAM2,0.610769230769231,YBEY,0.581538461538462,TLN2,0.501538461538462,UNCX,0.598461538461538
465,PTPRN,0.608461538461538,EIF3H,0.581538461538462,PITPNA,0.496153846153846,ANKS1B,0.596923076923077
466,FGF20,0.608461538461538,KLF7,0.580769230769231,EXTL3,0.495384615384615,TAOK2,0.596923076923077
467,ENTPD8,0.607345477689159,DZIP1,0.58,PRKAA2,0.492307692307692,SLC9A7,0.596923076923077
468,TMED3,0.606923076923077,UXS1,0.58,PTP4A3,0.492307692307692,H2AFV,0.596923076923077
469,EHD3,0.606153846153846,CEND1,0.578461538461538,KRT18,0.491538461538462,PLCE1,0.596153846153846
470,LRP8,0.606153846153846,SRI,0.578461538461538,ADIPOR2,0.490769230769231,BRINP1,0.596153846153846
471,FGFRL1,0.606153846153846,RAB22A,0.577692307692308,CCT5,0.489230769230769,TMEM30A,0.595384615384615
472,PIWIL4,0.605384615384615,FAHD2B,0.575384615384615,ZNF77,0.488461538461538,MED7,0.595384615384615
473,BMP4,0.605384615384615,EFNB2,0.575384615384615,VDAC1,0.488461538461538,IGSF1,0.594615384615385
474,C15orf38-AP3S2,0.605384615384615,CEBPA,0.573846153846154,TRAPPC5,0.488461538461538,ABLIM1,0.594615384615385
475,GALNT18,0.603846153846154,IL27RA,0.573076923076923,ZNF330,0.486923076923077,SLC12A6,0.594615384615385
476,ATOH8,0.603076923076923,BVES,0.572307692307692,PRKD3,0.486923076923077,TWF1,0.594615384615385
477,FAM131A,0.603076923076923,CATSPERG,0.571538461538462,FGD5,0.486923076923077,DSCAML1,0.593846153846154
478,NECAB2,0.602307692307692,SLC16A9,0.57,BRIX1,0.486923076923077,MTUS1,0.593076923076923
479,STC1,0.601538461538462,EEF1B2,0.57,SNRPC,0.485384615384615,CARD10,0.591538461538462
480,FOXF1,0.601538461538462,NGEF,0.57,CSTF3,0.485384615384615,KAT2B,0.590769230769231
481,C9orf3,0.600769230769231,HJURP,0.57,,,HIRIP3,0.590769230769231
482,ILDR2,0.6,SCPEP1,0.569230769230769,,,METTL2B,0.590769230769231
483,OPRD1,0.599230769230769,STAM,0.568461538461538,,,RP11-159G9.5,0.589230769230769
484,CALD1,0.599230769230769,RP11-383H13.1,0.568461538461538,,,SLC6A6,0.589230769230769
485,C20orf196,0.599230769230769,GLTSCR2,0.566923076923077,,,MARCH8,0.588461538461538
486,BCAR3,0.598461538461538,GRIK3,0.566923076923077,,,SHISA9,0.588461538461538
487,XYLT2,0.598461538461538,NPTX2,0.565384615384615,,,PAG1,0.586153846153846
488,S100A16,0.597692307692308,ARID5A,0.565384615384615,,,HIST1H2BE,0.585384615384615
489,GALNT10,0.597692307692308,EXOC2,0.565384615384615,,,DDX23,0.585384615384615
490,ADAMTSL1,0.597692307692308,SEC24D,0.564615384615385,,,FNBP1,0.584615384615385
491,FAM43A,0.595384615384615,PGM1,0.564615384615385,,,CHGB,0.584615384615385
492,NTRK1,0.594615384615385,PLXND1,0.564615384615385,,,SHANK1,0.583846153846154
493,REXO2,0.594615384615385,WDFY4,0.564615384615385,,,TMEM117,0.583846153846154
494,MKX,0.594615384615385,MC5R,0.563392182596414,,,HS3ST2,0.583846153846154
495,LMCD1,0.594615384615385,RP11-830F9.6,0.562307692307692,,,ABHD17C,0.583076923076923
496,PRMT3,0.594615384615385,FRYL,0.559230769230769,,,LBX1,0.582564848422128
497,SPRY2,0.594615384615385,MYD88,0.558461538461538,,,EXOC6B,0.58
498,FZD6,0.593846153846154,METTL9,0.556153846153846,,,RAB9B,0.58
499,LRTM1,0.593078878254205,MCM2,0.555384615384615,,,SAP130,0.58
500,CAPN2,0.593076923076923,RPGRIP1L,0.553076923076923,,,RPRD2,0.578461538461538
501,CSF1,0.593076923076923,ZNF277,0.553076923076923,,,QSER1,0.578461538461538
502,FBLN1,0.592307692307692,GLRX3,0.552307692307692,,,ATXN1,0.577692307692308
503,NXN,0.591538461538462,ANXA1,0.552307692307692,,,KCNIP4,0.577692307692308
504,RASSF3,0.591538461538462,FREM1,0.551538461538462,,,SETMAR,0.576923076923077
505,DLG1,0.590769230769231,STX8,0.55,,,NDN,0.576923076923077
506,CHST11,0.59,STAC,0.547692307692308,,,GNAQ,0.576153846153846
507,TVP23B,0.589230769230769,NIPA2,0.546153846153846,,,TMEM240,0.575384615384615
508,AMPD3,0.589230769230769,NELFCD,0.546153846153846,,,GLTPD1,0.575384615384615
509,XBP1,0.588461538461538,PTCH1,0.545384615384615,,,PGBD4,0.574615384615385
510,MRVI1,0.588461538461538,DERA,0.544615384615385,,,CELSR2,0.574615384615385
511,PAPSS1,0.587692307692308,SMYD2,0.543076923076923,,,ANKRD12,0.573846153846154
512,PITPNM2,0.587692307692308,OMD,0.543076923076923,,,TMUB2,0.573076923076923
513,ADAM12,0.587692307692308,EIF2A,0.543076923076923,,,BHLHE22,0.573076923076923
514,C1orf74,0.586923076923077,PGAM2,0.543076923076923,,,RGS7,0.573076923076923
515,UST,0.586923076923077,MST4,0.541538461538462,,,GNG2,0.573076923076923
516,ARHGAP32,0.586153846153846,MYO7B,0.540488565489527,,,PAPPA,0.572307692307692
517,NGLY1,0.585384615384615,MIIP,0.54,,,PARP16,0.571538461538462
518,CADM1,0.584615384615385,DBF4,0.54,,,DTNA,0.571538461538462
519,GLCE,0.584615384615385,COMMD10,0.54,,,RAB12,0.571538461538462
520,TNFRSF11B,0.583846153846154,XRN2,0.538461538461539,,,EPHA6,0.57
521,PCGF5,0.583076923076923,GNAS,0.537692307692308,,,PXMP4,0.569230769230769
522,PYGL,0.582307692307692,RPL19,0.537692307692308,,,RAD52,0.568461538461538
523,AC010441.1,0.582307692307692,KRT19,0.537692307692308,,,ATXN7L1,0.568461538461538
524,LACTBL1,0.582274683928305,PSME1,0.537692307692308,,,DLG5,0.567692307692308
525,S100A13,0.580769230769231,LTB4R,0.536923076923077,,,CLK3,0.566923076923077
526,FCGRT,0.580769230769231,IGFBP6,0.536153846153846,,,HECTD4,0.566923076923077
527,CDC34,0.579230769230769,KLF6,0.535384615384615,,,KIAA0232,0.565384615384615
528,NPNT,0.578461538461538,BCL6,0.535384615384615,,,NPRL2,0.565384615384615
529,PTPRH,0.577692307692308,KIRREL,0.535384615384615,,,FAM185A,0.564615384615385
530,GSS,0.577692307692308,CSNK1E,0.534615384615385,,,CCND2,0.564615384615385
531,TAF1D,0.576923076923077,ATG10,0.533846153846154,,,MLLT4,0.564615384615385
532,ARAP2,0.576923076923077,FAM198A,0.533076923076923,,,THAP7,0.563076923076923
533,XXYLT1,0.576153846153846,NEO1,0.532307692307692,,,RASSF4,0.562307692307692
534,RERG,0.575384615384615,DTWD1,0.532307692307692,,,NSG1,0.562307692307692
535,ONECUT2,0.575384615384615,SSBP2,0.531538461538462,,,SLFN13,0.558461538461538
536,PERP,0.574615384615385,OXSR1,0.531538461538462,,,C2orf69,0.558461538461538
537,ENPP6,0.574615384615385,SERP2,0.530769230769231,,,NCKAP1,0.556923076923077
538,TSPAN3,0.573846153846154,HIVEP2,0.530769230769231,,,SPAST,0.556153846153846
539,ZCCHC24,0.573076923076923,MRPS12,0.53,,,KIAA1468,0.556153846153846
540,MT3,0.573076923076923,ATP1B3,0.53,,,PRDM2,0.556153846153846
541,SERPIND1,0.57264075467734,NCAPG,0.53,,,TRIM24,0.555384615384615
542,MDP1,0.572307692307692,SORBS3,0.529230769230769,,,DNM3,0.555384615384615
543,RUNX2,0.570769230769231,NGFR,0.529230769230769,,,KLHL36,0.552307692307692
544,PIGU,0.570769230769231,CPM,0.528461538461539,,,CTD-2116N17.1,0.552307692307692
545,DOCK1,0.57,DOCK11,0.527692307692308,,,RPRD1A,0.551538461538462
546,LRRTM1,0.568461538461538,NTAN1,0.527692307692308,,,CGGBP1,0.550769230769231
547,LINGO1,0.568461538461538,UCHL1,0.526923076923077,,,MSI1,0.55
548,GPX8,0.567692307692308,PCNT,0.526153846153846,,,CITED2,0.55
549,ALDH1L1,0.566923076923077,SRL,0.526153846153846,,,HOXC13,0.549934473384021
550,SLC7A8,0.566153846153846,SIVA1,0.526153846153846,,,PDE4D,0.549230769230769
551,CCDC80,0.565384615384615,RPL21,0.525384615384615,,,RAPGEF1,0.548461538461538
552,SLIT2,0.564615384615385,RAB33A,0.525384615384615,,,STX1B,0.548461538461538
553,PRUNE2,0.564615384615385,ABCB4,0.524615384615385,,,CACNA1C,0.548461538461538
554,SLC7A11,0.563846153846154,HELB,0.523846153846154,,,FAM21C,0.548461538461538
555,NYNRIN,0.563846153846154,NDUFS5,0.523846153846154,,,NCOA4,0.546923076923077
556,KIF7,0.563846153846154,KRBOX1,0.523076923076923,,,CRY2,0.546923076923077
557,VGLL4,0.563846153846154,DPF3,0.523076923076923,,,GPM6A,0.546153846153846
558,KLF15,0.563846153846154,ZC3H12C,0.523076923076923,,,OPA1,0.545384615384615
559,HOXD11,0.563492891509779,BUB1,0.523076923076923,,,CRMP1,0.545384615384615
560,THSD1,0.56,SPOPL,0.523076923076923,,,SCRT2,0.545384615384615
561,FRMD6,0.559230769230769,GAB1,0.520769230769231,,,FAM110B,0.543846153846154
562,PRRX1,0.559230769230769,PTPLA,0.52,,,C14orf37,0.543076923076923
563,TMEM100,0.559230769230769,SOX13,0.519230769230769,,,C8orf48,0.543076923076923
564,TGFBI,0.558461538461538,ADAMTS15,0.518461538461538,,,LMBRD2,0.542307692307692
565,YIF1B,0.558461538461538,FAM155A,0.518461538461538,,,TEX14,0.542307692307692
566,JAM3,0.558461538461538,C12orf29,0.517692307692308,,,GPSM1,0.541538461538462
567,EPHA3,0.558461538461538,ATOH1,0.517576438347447,,,KIAA1211,0.540769230769231
568,TMEM165,0.557692307692308,STK10,0.516923076923077,,,LOH12CR2,0.54
569,CDPF1,0.557692307692308,MRPS22,0.516923076923077,,,KCNIP2,0.54
570,TNFRSF21,0.556923076923077,OGN,0.516153846153846,,,ABL1,0.538461538461539
571,FAM172A,0.556153846153846,LZTS3,0.514615384615385,,,GPR52,0.538461538461539
572,TSPAN8,0.555384615384615,YWHAZ,0.513846153846154,,,PDK2,0.538461538461539
573,TMED2,0.555384615384615,PABPC1,0.513846153846154,,,NRF1,0.537692307692308
574,PLAT,0.554615384615385,MTCH1,0.513076923076923,,,DEF8,0.536923076923077
575,GPR124,0.554615384615385,C1QL1,0.513076923076923,,,MARK4,0.536153846153846
576,ETV5,0.554615384615385,C1orf109,0.513076923076923,,,RC3H1,0.536153846153846
577,GAREM,0.553076923076923,GDAP1L1,0.512307692307692,,,TTC3,0.536153846153846
578,SMIM4,0.550769230769231,RPS5,0.510769230769231,,,PURB,0.535384615384615
579,NOG,0.550769230769231,C7orf31,0.509230769230769,,,EEFSEC,0.533846153846154
580,ZMAT3,0.55,SPATA2L,0.508461538461539,,,RUSC2,0.533846153846154
581,HMCN1,0.549230769230769,PUS1,0.508461538461539,,,SDC3,0.533846153846154
582,FGFR1,0.549230769230769,ZNF829,0.507692307692308,,,SLC9A6,0.533076923076923
583,MBP,0.549230769230769,MED10,0.506923076923077,,,RIC8B,0.532307692307692
584,NUDT2,0.549230769230769,PPP1R17,0.506923076923077,,,HERC1,0.532307692307692
585,PLEKHA7,0.548461538461538,CEBPB,0.506923076923077,,,C4orf21,0.530769230769231
586,CYBA,0.547692307692308,CCNB1,0.506153846153846,,,SLFN5,0.53
587,ASTN1,0.547692307692308,TRIB3,0.505384615384615,,,PIK3C3,0.529230769230769
588,SLC6A1,0.547692307692308,FARP2,0.505384615384615,,,GAB2,0.529230769230769
589,ARL6IP4,0.546923076923077,RFTN2,0.504615384615385,,,DROSHA,0.528461538461539
590,GABRE,0.546153846153846,PSRC1,0.504615384615385,,,BCAS3,0.528461538461539
591,DEFA5,0.544538792347756,THEMIS2,0.504615384615385,,,CEP120,0.528461538461539
592,RORB,0.543846153846154,RAP1GAP2,0.503076923076923,,,ATP9A,0.528461538461539
593,GNAI2,0.543846153846154,MS4A4A,0.502307692307692,,,FRS2,0.527692307692308
594,CAMK2G,0.543846153846154,BBX,0.501538461538462,,,KIF1B,0.526153846153846
595,SGSM1,0.543846153846154,ECM2,0.501538461538462,,,MYO5A,0.526153846153846
596,RSPO1,0.543284497003513,PPFIBP1,0.500769230769231,,,PITHD1,0.525384615384615
597,C21orf33,0.543076923076923,DCN,0.499230769230769,,,TMEM130,0.525384615384615
598,SPATA18,0.543076923076923,PCYOX1L,0.499230769230769,,,RALBP1,0.523846153846154
599,PRSS56,0.542684570207996,ZNF395,0.499230769230769,,,AL117190.2,0.523556025983343
600,MARCH11,0.542307692307692,PLEKHG3,0.498461538461538,,,CADM4,0.523076923076923
601,TRIQK,0.542307692307692,GNB2,0.498461538461538,,,IDS,0.523076923076923
602,MRPL52,0.542307692307692,GPX7,0.497692307692308,,,SLC8A3,0.522307692307692
603,NPFFR1,0.541538461538462,THG1L,0.496923076923077,,,SIM1,0.521940108468641
604,CD44,0.541538461538462,LRRK1,0.496153846153846,,,ATP6V1D,0.521538461538462
605,CCDC88C,0.541538461538462,ING5,0.495384615384615,,,ARID2,0.521538461538462
606,TMEM9,0.540769230769231,RPL7A,0.494615384615385,,,RFXAP,0.520769230769231
607,CCL3,0.540769230769231,HSPE1,0.492307692307692,,,DLX5,0.520769230769231
608,PAQR8,0.540769230769231,RPS8,0.492307692307692,,,CUX2,0.516923076923077
609,SLC35F1,0.54,ITPA,0.492307692307692,,,PARD3,0.516923076923077
610,SCARA5,0.539772363071322,PRDM8,0.491538461538462,,,KIAA1549,0.516923076923077
611,AIP,0.539230769230769,ERF,0.490769230769231,,,CHST12,0.516923076923077
612,NIPSNAP3A,0.539230769230769,EHD1,0.489230769230769,,,TRIM39,0.515384615384615
613,EML6,0.539230769230769,METTL1,0.489230769230769,,,ACHE,0.515384615384615
614,AC024592.12,0.538461538461539,MMP16,0.488461538461538,,,NOVA1,0.514615384615385
615,SLC4A4,0.538461538461539,LNX2,0.488461538461538,,,SNX10,0.514615384615385
616,VIT,0.538180429266796,PTGDS,0.486923076923077,,,ARHGEF10L,0.513076923076923
617,IFI27,0.537692307692308,FMNL3,0.486153846153846,,,LRIG2,0.513076923076923
618,RNF150,0.536923076923077,,,,,UBAP1L,0.512307692307692
619,FNDC3B,0.536923076923077,,,,,CCDC97,0.512307692307692
620,CBLN2,0.535384615384615,,,,,MAPK8IP1,0.511538461538461
621,GCDH,0.535384615384615,,,,,KLHL22,0.511538461538461
622,PCDH8,0.535384615384615,,,,,PRPSAP1,0.511538461538461
623,CTNNAL1,0.534615384615385,,,,,PLXNA1,0.509230769230769
624,SKP2,0.534615384615385,,,,,RRAS2,0.508461538461539
625,STX1A,0.534615384615385,,,,,TNRC18,0.508461538461539
626,EFHD2,0.534615384615385,,,,,SAMD14,0.506923076923077
627,TRIM5,0.533076923076923,,,,,EPG5,0.506923076923077
628,OBFC1,0.533076923076923,,,,,GPR27,0.506153846153846
629,C19orf81,0.533076923076923,,,,,PGS1,0.505384615384615
630,DERL1,0.532307692307692,,,,,C12orf49,0.503846153846154
631,LAMB1,0.531538461538462,,,,,SEMA3D,0.503846153846154
632,TMEM45A,0.531538461538462,,,,,C14orf132,0.503076923076923
633,SCARF2,0.531538461538462,,,,,PPP1R12B,0.502307692307692
634,LGI2,0.530769230769231,,,,,SLC25A51,0.502307692307692
635,S100A4,0.530769230769231,,,,,APAF1,0.502307692307692
636,MEST,0.53,,,,,TNRC6C,0.502307692307692
637,C8orf56,0.53,,,,,SPOCK2,0.501538461538462
638,LEPRE1,0.529230769230769,,,,,SLC11A2,0.501538461538462
639,TCIRG1,0.528461538461539,,,,,TRIM45,0.501538461538462
640,TRABD2A,0.528461538461539,,,,,MAP3K2,0.500769230769231
641,THSD7A,0.526923076923077,,,,,CTNNBIP1,0.500769230769231
642,PEX11A,0.526923076923077,,,,,FER,0.500769230769231
643,PRKG1,0.526923076923077,,,,,IGF1R,0.499230769230769
644,FUT5,0.526153846153846,,,,,DTX4,0.499230769230769
645,HSPB1,0.525384615384615,,,,,CCDC171,0.498461538461538
646,CDC42EP1,0.524615384615385,,,,,ITSN1,0.498461538461538
647,COTL1,0.523846153846154,,,,,OSBPL11,0.498461538461538
648,MFAP4,0.523846153846154,,,,,AMOT,0.497692307692308
649,GPR19,0.523076923076923,,,,,ATP6AP2,0.496923076923077
650,HOMEZ,0.522307692307692,,,,,SYT16,0.496153846153846
651,CYB561,0.522307692307692,,,,,C2orf49,0.496153846153846
652,CRLS1,0.521538461538462,,,,,ATP6V0E2,0.496153846153846
653,ST8SIA3,0.52,,,,,ANKFY1,0.495384615384615
654,DNMBP,0.519230769230769,,,,,ELMO1,0.495384615384615
655,GCNT1,0.518461538461538,,,,,DOCK3,0.495384615384615
656,DNAJC10,0.518461538461538,,,,,RIMS4,0.493846153846154
657,NACC2,0.517692307692308,,,,,SMG8,0.493846153846154
658,UBE2E2,0.517692307692308,,,,,NAB1,0.492307692307692
659,DAD1,0.516153846153846,,,,,BACH1,0.492307692307692
660,EEPD1,0.515384615384615,,,,,RAB6B,0.491538461538462
661,FBXO32,0.515384615384615,,,,,DCLK1,0.491538461538462
662,EVI2A,0.514615384615385,,,,,TBCCD1,0.491538461538462
663,BIRC3,0.513846153846154,,,,,MACF1,0.490769230769231
664,CAST,0.513076923076923,,,,,PXK,0.489230769230769
665,KIAA1199,0.513076923076923,,,,,SYCP2,0.489230769230769
666,CTSH,0.513076923076923,,,,,CYTH3,0.486153846153846
667,NPTN,0.512307692307692,,,,,PTEN,0.486153846153846
668,KCTD5,0.511538461538461,,,,,CCNT2,0.486153846153846
669,SRGAP2,0.510769230769231,,,,,,
670,DNAJC27,0.507692307692308,,,,,,
671,SEMA4F,0.506923076923077,,,,,,
672,P4HA1,0.506923076923077,,,,,,
673,COL8A2,0.506923076923077,,,,,,
674,HIBADH,0.506153846153846,,,,,,
675,CREB5,0.506153846153846,,,,,,
676,PLEKHF2,0.505384615384615,,,,,,
677,CHST8,0.504615384615385,,,,,,
678,TMEM99,0.503846153846154,,,,,,
679,BRE,0.502307692307692,,,,,,
680,ZNF503,0.502307692307692,,,,,,
681,TMEM74B,0.501538461538462,,,,,,
682,PTBP3,0.501538461538462,,,,,,
683,TLR2,0.501538461538462,,,,,,
684,S100A11,0.501538461538462,,,,,,
685,P2RX6,0.501538461538462,,,,,,
686,C9orf9,0.500769230769231,,,,,,
687,GMPR2,0.5,,,,,,
688,C5orf15,0.498461538461538,,,,,,
689,HDLBP,0.498461538461538,,,,,,
690,MYADM,0.498461538461538,,,,,,
691,SMAD3,0.496923076923077,,,,,,
692,GDE1,0.496923076923077,,,,,,
693,NFYB,0.496923076923077,,,,,,
694,AVEN,0.496153846153846,,,,,,
695,RAMP3,0.494615384615385,,,,,,
696,RGS17,0.494615384615385,,,,,,
697,ARHGAP22,0.493846153846154,,,,,,
698,TAF12,0.493846153846154,,,,,,
699,APMAP,0.493846153846154,,,,,,
700,ATG13,0.493076923076923,,,,,,
701,CD58,0.493076923076923,,,,,,
702,DSE,0.492307692307692,,,,,,
703,OSBPL5,0.491538461538462,,,,,,
704,FUT10,0.490769230769231,,,,,,
705,BRD7,0.489230769230769,,,,,,
706,PCSK9,0.489230769230769,,,,,,
707,TMEM158,0.488461538461538,,,,,,
708,PSAT1,0.487692307692308,,,,,,
709,FBN1,0.487692307692308,,,,,,
710,ZNF576,0.486153846153846,,,,,,
711,DKK4,0.485445015161448,,,,,,
712,GLT8D2,0.485384615384615,,,,,,
